StartDate,EndDate,Status,IPAddress,Progress,Duration (in seconds),Finished,RecordedDate,ResponseId,Group,RecipientLastName,RecipientFirstName,RecipientEmail,ExternalReference,LocationLatitude,LocationLongitude,DistributionChannel,P_ID,P_email,AI_consent,H_consent,P_Big5_1,P_Big5_2,P_Big5_3,P_Big5_4,P_Big5_5,P_Big5_6,P_Big5_7,P_Big5_8,P_Big5_9,P_Big5_10,P_attachme,RELSTYLE_1,RELSTYLE_2,RELSTYLE_3,RELSTYLE_4,open_doc,Q53_First Click,Q53_Last Click,Q53_Page Submit,Q53_Click Count,open_doc,Q54_First Click,Q54_Last Click,Q54_Page Submit,Q54_Click Count,P_10movie,P_#right_1,P_IOS,P_Like,P_CLOSE,P_CLOSE1,P_ENJOY,P_INTER,P_KNOW,P_REC_1,P_PERSON_1,P_PERSON_2,P_PERSON_3,P_PERSON_4,P_PERSON_5,P_PERSON_6,P_PERSON_7,P_PERSON_8,P_PERSON_9,P_PERSON_10,Conf_AI_HI_1,Conf_H_AI_1,P_movie,P_#movie_1,PE_IOS,PE_Like,PE_CLOSE,PE_CLOSE1,PE_ENJOY,PE_INTER,PE_KNOW,PE_REC_1,PE_PERSON_1,PE_PERSON_2,PE_PERSON_3,PE_PERSON_4,PE_PERSON_5,PE_PERSON_6,PE_PERSON_7,PE_PERSON_8,PE_PERSON_9,PE_PERSON_10,P_conf_h_1,P_conf_AI_1,think_AI/H,P_year,P_gender,Q55,H_debrief,A_debrief,predict,human,script
Start Date,End Date,Response Type,IP Address,Progress,Duration (in seconds),Finished,Recorded Date,Response ID,Group,Recipient Last Name,Recipient First Name,Recipient Email,External Data Reference,Location Latitude,Location Longitude,Distribution Channel,Please enter your student ID number below.,Please enter your SONA email below.,"CONSENT TO PARTICIPATE IN RESEARCHHow Artificial Intelligence Constructs Human Preferences Through a Chat Conversation Research in Collaboration with NYU Artificial Intelligence Research (NYUAIR) IntroductionMy name is Minah Jung. I am an assistant professor of marketing at New York University, the Leonard N. Stern School of Business.  I would like to invite you to take part in our research study that explores how people learn about preferences of others when having conversations with others in a chat room setting.  PurposeThe purpose of this research study is to understand how artificial intelligence understands people劌製 preferences through a chat room.  ProceduresIn this study, you will be asked to communicate with artificial intelligence who will engage in chat conversations about your preferences in a chat room setting. If you agree to participate in this study, you will be asked to communicate with Artificial Intelligence about your preferences on cultural consumption (e.g., movies, music, and food) via an online chat room for about 20-30 minutes. After the chat, you will be asked to complete a short survey about your chat conversation and other demographic information. This research is in collaboration with the NYU Artificial Intelligence Research (NYUAIR).  Study timeThe total duration of this study is about 30 minutes.  Risk/Discomfort-There is minimal risk to you from taking part in this research. The only risk to you from participating is the possibility that some of the tasks may make you feel a bit uncomfortable. You may discontinue participation or decline to answer any questions at any time. -Breach of confidentiality: As with all research, there is a chance that confidentiality could be compromised; however, we are taking precautions to minimize this risk. Benefits There are no direct benefits to you from this research.  ConfidentialityYour study data will be handled as confidentially as possible. If results of this study are published or presented, individual names and other personally identifiable information will not be used.To minimize the risks to confidentiality, we will do the following:-               Your identity and data will not be linked.-               Your research records will be stored on password-protected office computers.-               Only I will have access to your study records.-               Your personal information may be given out if required by law. We will keep your study data as confidential as possible, unless it is certain information that we must report for legal or ethical reasons, such as abuse or intent to hurt yourself or others.Future use of study data The research data will be maintained for at least 3 years for possible use in future research by myself.  The same measures described above will be taken to protect confidentiality of this study data.  Compensation/PaymentYour participation in this study is voluntary. Participants who complete this survey will receive $3.00 for completing it. If you are not able to complete the study (e.g., technical issues), you will still be paid $0.05. To verify completion, you must enter the code found at the end of this survey into the website. If you withdraw before the end of the study, your account will not be credited. There is no cost to participate. You have the right not to answer any question you prefer not to.  RightsParticipation in research is completely voluntary.You have the right to decline to participate or to withdraw at any point in this study without penalty or loss of benefits to which you are otherwise entitled.  QuestionsIf you have any questions or concerns about this study, you may contact Minah Jung at (212) 998-0574 or minah.jung@stern.nyu.edu. For questions about your rights as a research participant, you may contact the University Committee on Activities Involving Human Subjects, 665 Broadway, Suite 804, New York, NY 10012, 212-998-4808 or ask.humansubjects@nyu.edu. Consent If you agree to take part in the research and allow Minah Jung to continue use the data for her research, please select an appropriate choice below.   YOU MUST BE 18 YEARS OR OLDER TO COMPLETE THIS STUDY.","CONSENT TO PARTICIPATE IN RESEARCHHow People Construct Preferences Through a Chat ConversationIntroduction My name is Minah Jung. I am an assistant professor of marketing at New York University, the Leonard N. Stern School of Business.  I would like to invite you to take part in our research study that explores how people learn about preferences of others when having conversations with others in a chat room setting.  PurposeThe purpose of this research study is to understand how artificial intelligence understands people劌製 preferences through a chat room.  ProceduresIf you agree to participate in this study, you will be asked to communicate with another person about your preferences on cultural consumption (e.g., movies, music, and food) via an online chat room for about 20-30 minutes. After the chat, you will be asked to complete a short survey about your chat conversation and other demographic information.  Study timeThe total duration of this study is about 30 minutes.  Risk/Discomfort-There is minimal risk to you from taking part in this research. The only risk to you from participating is the possibility that some of the tasks may make you feel a bit uncomfortable. You may discontinue participation or decline to answer any questions at any time. -Breach of confidentiality: As with all research, there is a chance that confidentiality could be compromised; however, we are taking precautions to minimize this risk. BenefitsThere are no direct benefits to you from this research.  ConfidentialityYour study data will be handled as confidentially as possible. If results of this study are published or presented, individual names and other personally identifiable information will not be used.To minimize the risks to confidentiality, we will do the following:-               Your identity and data will not be linked.-               Your research records will be stored on password-protected office computers.-               Only I will have access to your study records.-               Your personal information may be given out if required by law. We will keep your study data as confidential as possible, unless it is certain information that we must report for legal or ethical reasons, such as abuse or intent to hurt yourself or others.Future use of study dataThe research data will be maintained for at least 3 years for possible use in future research by myself.  The same measures described above will be taken to protect confidentiality of this study data.  Compensation/PaymentYour participation in this study is voluntary. Participants who complete this survey will receive $3.00 for completing it. If you are not able to complete the study (e.g., technical issues), you will still be paid $0.05. To verify completion, you must enter the code found at the end of this survey into the website. If you withdraw before the end of the study, your account will not be credited. There is no cost to participate. You have the right not to answer any question you prefer not to.  RightsParticipation in research is completely voluntary.You have the right to decline to participate or to withdraw at any point in this study without penalty or loss of benefits to which you are otherwise entitled.  QuestionsIf you have any questions or concerns about this study, you may contact Minah Jung at (212) 998-0574 or minah.jung@stern.nyu.edu. For questions about your rights as a research participant, you may contact the University Committee on Activities Involving Human Subjects, 665 Broadway, Suite 804, New York, NY 10012, 212-998-4808 or ask.humansubjects@nyu.edu. ConsentIf you agree to take part in the research and allow Minah Jung to continue use the data for her research, please select an appropriate choice below.   YOU MUST BE 18 YEARS OR OLDER TO COMPLETE THIS STUDY.",TIPI - extroverted and enthusiastic?,TIPI - critical and quarrelsome?,TIPI - dependable and self-disciplined?,TIPI - anxious and easily upset?,TIPI - open to new experiences and complex?,TIPI - reserved and quiet?,TIPI - sympathetic and warm?,TIPI - disorganized and careless?,TIPI - calm and emotionally stable?,TIPI - conventional and uncreative?,"Following are four general relationship styles that people often report. Place a checkmark next to theletter corresponding to the style that best describes you or is closest to the way you are.",Now Please rate each of the relationship styles above to indicate how well or poorly each description corresponds to your general relationship style. - Style A. It is easy for me to become emotionally close to others. I am confortable depending on them and having them depend on me. I don't worry about being alone of having others not accept me.,"Now Please rate each of the relationship styles above to indicate how well or poorly each description corresponds to your general relationship style. - Style B. I am uncomfortable getting close to others. I want emotionally close relationships, but I find it difficult to trust others completely, or to depend on them. I worry that I will be hurt if I allow myself to become too close to others.","Now Please rate each of the relationship styles above to indicate how well or poorly each description corresponds to your general relationship style. - Style C. I want to be completely emotionally intimate with others, but I often find that others are reluctant to get as close as i would like. I am uncomfortable being without close relationships, but I sometimes worry that others don't value me as much as i value them.","Now Please rate each of the relationship styles above to indicate how well or poorly each description corresponds to your general relationship style. - Style D. I am comfortable without close emotional relationships. It is very important to me to feel independent and self-sufficient, and I prefer not to depend on others or have others depend on me.",Is the question document open on your computer,Timing - First Click,Timing - Last Click,Timing - Page Submit,Timing - Click Count,Is the question document open on your computer,Timing - First Click,Timing - Last Click,Timing - Page Submit,Timing - Click Count,"Please carefully review the following 50 movies listed below and predict and select your chat partner's top 10 movies. Before you start choosing your chat partner's top ten movies, please scroll down the list of 50 movies to view all options.","Out of the 10 movies you've just chosen, how many movies do you think you guessed accurately? Two would be expected by chance. - Please indicate the number of your partner's  top movies that you guessed accurately",Please select the number that best describes your relationship with your chat partner.,How much do you think your partner likes you?,"Relative to all your other relationships (both same and opposite sex), how would your chat partner characterize his or her relationship with you?","Relative to what you know about other people's close relationships, how would your chat partner characterize his or her relationship with you?",How much do you think that your partner enjoyed getting to know you?,How much do you think that your partner would like to interact with you again?,How knowledgeable are you about your partner?,"If you offer a movie recommendation, how likely you think that your partner would watch the recommended movie in the near future? - Likelihood to watch the movie in percent",TIPI - extroverted and enthusiastic?,TIPI - critical and quarrelsome?,TIPI - dependable and self-disciplined?,TIPI - anxious and easily upset?,TIPI - open to new experiences and complex?,TIPI - reserved and quiet?,TIPI - sympathetic and warm?,TIPI - disorganized and careless?,TIPI - calm and emotionally stable?,TIPI - conventional and uncreative?,"In this study, all participants (including you) are told that they will be chatting with either artificial intelligence or another person.How confident are you that your chat partner thinks that he or she interacted with artificial intelligence or a human? Move the slider to indicate your level of confidence (-100 means absolutely artificial intelligence, 100 means absolutely a human). - Likelihood that my chat partner thinks that he or she interacted with artificial intelligence or a human","In this study, all participants (including you) are told that they will be chatting with either human or artificial intelligence.How confident are you that your chat partner thinks that he or she interacted with a human or artificial intelligence? Move the slider to indicate your level of confidence (-100 means absolutely a human, 100 means absolutely artificial intelligence). - Likelihood that my chat partner thinks that he or she interacted with artificial intelligence or a human","Please carefully review the following 50 movies listed below and select your top ten movies. Before start choosing your top ten, please scroll down the list of 50 movies to view all options.","Out of the 10 movies you've just chosen, how many movies do you think your partner guessed accurately? Two would be expected by chance. - Please indicate the number of your top movies your partner would guess accurately",Please select the number that best describes your relationship with your chat partner.,How much do you like your partner?,"Relative to all your other relationships (both same and opposite sex), how would you characterize your relationship with your chat partner?","Relative to what you know about other people's close relationships, how would you characterize your relationship with your chat partner?",How much did you enjoy getting to know your chat partner?,How much would you like to interact with your partner again?,How knowledgeable was your chat partner about you?,"If your chat partner offers a movie recommendation, how likely would you watch the recommended movie in the near future? - Likelihood to watch the movie in percent",TIPI - extroverted and enthusiastic?,TIPI - critical and quarrelsome?,TIPI - dependable and self-disciplined?,TIPI - anxious and easily upset?,TIPI - open to new experiences and complex?,TIPI - reserved and quiet?,TIPI - sympathetic and warm?,TIPI - disorganized and careless?,TIPI - calm and emotionally stable?,TIPI - conventional and uncreative?,"In this study, all participants (including you) are told that they will be paired with either artificial intelligence or another person.How confident are you that you interacted with artificial intelligence or a human? Move the slider to indicate your level of confidence (-100 means absolutely artificial intelligence, 100 means absolutely a human). - Likelihood that my chat partner was artificial intelligence or a human","In this study, all participants (including you) are told that they will be paired with either human or artificial intelligence.How confident are you that you interacted with a human or artificial intelligence? Move the slider to indicate your level of confidence (-100 means absolutely a human, 100 means absolutely artificial intelligence). - Likelihood that my chat partner was a human or artificial intelligence",Do you think your chat partner was a human or artificial intelligence?,What year were you born?,What is your gender?,"Most modern theories of decision making recognize the fact that decisions do not take place in a vacuum.  Individual preferences and knowledge, along with situational variables can greatly impact the decision process.  In order to facilitate our research on decision-making we are interested in knowing certain factors about you, the decision maker. Specifically, we are interested in whether you actually take the time to read the direction; if not, then some of our manipulations that rely on changes in the instructions will be ineffective. So, in order to demonstrate that you have read the instructions, please ignore the question about your occupation below. Instead, simply type astronomer to proceed to the next screen. Thank you very much.  What is your occupation?","Debriefing Form In the beginning of this study, we told you that youwould be participating in a study about understanding how human preferences areconstructed and communicated and that you would be communicating with a personwho tries to understand your preferences by communicating with you. Our researchactually focuses on howpeople perceive human vs. non-human interaction and their experience non-humaninteractions with non-human entities (e.g., A.I.).  Although there has been a rapid increase inadoption of A.I. in our daily lives, there is little research on how peopleperceive their interactions with A.I. and their experience relative to theirinteractions with humans.  In this study, we attempt tobetter understand the underlying psychology in human vs. non-humaninteractions.   Totry and obtain unbiased or naturalreactions, we told you that your partner is a person who tries to understandyour preferences even though you interacted with an experimenter.  Unlike your case, some participants in thisstudy were told that they would be interacting with A.I. instead of aperson.   Thiswas necessary for us to betterunderstand how people劌製 belief about the ability of A.I. vs. human in accessingtheir preferences. By telling youthat your partner was an experimenter, we could not have made reliableinferences.  Without telling you thatyour partner was an experimenter, we were able to set up a wellcounter-balanced study we can analyze and infer the results concretely. We apologize for misleading you, but we believe this was the only way to examine the processesthat are the object of our research. In designing this study, we took care to minimize any possible risks or discomfortsthat might be related to the deception. Now that youunderstand the true nature of our study, you havethe chance to refuse the use of the data we collected from youfor research purposes. You are free to ask us not to use your data in our study analysis. If youdecline to let us use your data, youwill still keep your paymentjust as you would if we use your datain our analysis. This is entirelyvoluntary, butwe hope to analyze as muchdata as possible to betterunderstand the processes by whichstatus hierarchies develop in groups. Because this experiment is ongoing, werequest that you not share the true nature and purpose of thisexperiment with others who might potentially participate in our study. If you have any questions or concernsabout this study, you may contact Minah Jung at (212) 998-0510 or minah.jung@stern.nyu.edu. For questions about your rights as a researchparticipant, you may contact the University Committee on Activities InvolvingHuman Subjects, 665 Broadway, Suite 804, New York, NY 10012, 212-998-4808 or ask.humansubjects@nyu.edu. Youmaykeep this debriefing form for your future reference. Thank you againfor your participation in our research!","Debriefing Form In the beginning of this study, we told you that youwould be participating in a study about understanding how artificialintelligence constructs human preferences and that you would be communicatingwith artificial intelligence (A.I.) in our study. Our research actually focuses on how people perceive human vs.non-human interaction and their experience non-human interactions withnon-human entities (e.g., A.I.).  Althoughthere has been a rapid increase in adoption of A.I. in our daily lives, thereis little research on how people perceive their interactions with A.I. andtheir experience relative to their interactions with humans. In this study,we attempt to better understand the underlying psychology in human vs.non-human interactions.   Totry and obtain unbiased or naturalreactions, we told you that your partner is a person who tries to understandyour preferences even though you interacted with an experimenter.  Unlike your case, some participants in thisstudy were told that they would be interacting with A.I. instead of aperson.   Thiswas necessary for us to betterunderstand how people劌製 belief about the ability of A.I. vs. human in accessingtheir preferences. By telling youthat your partner was an experimenter, we could not have made reliableinferences.  Without telling you thatyour partner was an experimenter, we were able to set up a wellcounter-balanced study we can analyze and infer the results concretely. We apologize for misleading you, but we believe this was the only way to examine the processesthat are the object of our research. In designing this study, we took care to minimize any possible risks or discomfortsthat might be related to the deception. Now that youunderstand the true nature of our study, you havethe chance to refuse the use of the data we collected from youfor research purposes. You are free to ask us not to use your data in our study analysis. If youdecline to let us use your data, youwill still keep your paymentjust as you would if we use your datain our analysis. This is entirelyvoluntary, butwe hope to analyze as muchdata as possible to betterunderstand the processes by whichstatus hierarchies develop in groups. Because this experiment is ongoing, werequest that you not share the true nature and purpose of thisexperiment with others who might potentially participate in our study. If you have any questions or concernsabout this study, you may contact Minah Jung at (212) 998-0574 or minah.jung@stern.nyu.edu. For questions about your rights as a researchparticipant, you may contact the University Committee on Activities InvolvingHuman Subjects, 665 Broadway, Suite 804, New York, NY 10012, 212-998-4808 or ask.humansubjects@nyu.edu. Youmaykeep this debriefing form for your future reference. Thank you againfor your participation in our research!",predict,human,script
"{""ImportId"":""startDate""}","{""ImportId"":""endDate""}","{""ImportId"":""status""}","{""ImportId"":""ipAddress""}","{""ImportId"":""progress""}","{""ImportId"":""duration""}","{""ImportId"":""finished""}","{""ImportId"":""recordedDate""}","{""ImportId"":""_recordId""}",,"{""ImportId"":""recipientLastName""}","{""ImportId"":""recipientFirstName""}","{""ImportId"":""recipientEmail""}","{""ImportId"":""externalDataReference""}","{""ImportId"":""locationLatitude""}","{""ImportId"":""locationLongitude""}","{""ImportId"":""distributionChannel""}","{""ImportId"":""QID17_TEXT""}","{""ImportId"":""QID91_TEXT""}","{""ImportId"":""QID47""}","{""ImportId"":""QID50""}","{""ImportId"":""QID1_1""}","{""ImportId"":""QID1_2""}","{""ImportId"":""QID1_3""}","{""ImportId"":""QID1_4""}","{""ImportId"":""QID1_5""}","{""ImportId"":""QID1_6""}","{""ImportId"":""QID1_7""}","{""ImportId"":""QID1_8""}","{""ImportId"":""QID1_9""}","{""ImportId"":""QID1_10""}","{""ImportId"":""QID54""}","{""ImportId"":""QID55_1""}","{""ImportId"":""QID55_2""}","{""ImportId"":""QID55_3""}","{""ImportId"":""QID55_4""}","{""ImportId"":""QID56""}","{""ImportId"":""QID85_FIRST_CLICK""}","{""ImportId"":""QID85_LAST_CLICK""}","{""ImportId"":""QID85_PAGE_SUBMIT""}","{""ImportId"":""QID85_CLICK_COUNT""}","{""ImportId"":""QID62""}","{""ImportId"":""QID86_FIRST_CLICK""}","{""ImportId"":""QID86_LAST_CLICK""}","{""ImportId"":""QID86_PAGE_SUBMIT""}","{""ImportId"":""QID86_CLICK_COUNT""}","{""ImportId"":""QID33""}","{""ImportId"":""QID34_1""}","{""ImportId"":""QID58""}","{""ImportId"":""QID76""}","{""ImportId"":""QID57""}","{""ImportId"":""QID60""}","{""ImportId"":""QID37""}","{""ImportId"":""QID53""}","{""ImportId"":""QID29""}","{""ImportId"":""QID31_1""}","{""ImportId"":""QID32_1""}","{""ImportId"":""QID32_2""}","{""ImportId"":""QID32_3""}","{""ImportId"":""QID32_4""}","{""ImportId"":""QID32_5""}","{""ImportId"":""QID32_6""}","{""ImportId"":""QID32_7""}","{""ImportId"":""QID32_8""}","{""ImportId"":""QID32_9""}","{""ImportId"":""QID32_10""}","{""ImportId"":""QID35_1""}","{""ImportId"":""QID36_1""}","{""ImportId"":""QID20""}","{""ImportId"":""QID4_1""}","{""ImportId"":""QID64""}","{""ImportId"":""QID77""}","{""ImportId"":""QID65""}","{""ImportId"":""QID66""}","{""ImportId"":""QID67""}","{""ImportId"":""QID68""}","{""ImportId"":""QID69""}","{""ImportId"":""QID70_1""}","{""ImportId"":""QID71_1""}","{""ImportId"":""QID71_2""}","{""ImportId"":""QID71_3""}","{""ImportId"":""QID71_4""}","{""ImportId"":""QID71_5""}","{""ImportId"":""QID71_6""}","{""ImportId"":""QID71_7""}","{""ImportId"":""QID71_8""}","{""ImportId"":""QID71_9""}","{""ImportId"":""QID71_10""}","{""ImportId"":""QID9_1""}","{""ImportId"":""QID25_1""}","{""ImportId"":""QID24""}","{""ImportId"":""QID19""}","{""ImportId"":""QID11""}","{""ImportId"":""QID90_TEXT""}","{""ImportId"":""QID22""}","{""ImportId"":""QID51""}","{""ImportId"":""predict""}","{""ImportId"":""human""}","{""ImportId"":""script""}"
2/3/17 20:45,2/3/17 20:52,Survey Preview,,100,454,TRUE,2/3/17 20:52,R_1K9EULx4lyss1NT,,,,,,37.78979492,-122.3941956,preview,,,,,,,,,,,,,,,,,,,,,24.84,25.46,407.147,2,,,,,,,,,,,,,,,,,,,,,,,,,,,,,,,,,,,,,,,,,,,,,,,,,,,,,,,,0,0,close
2/6/17 9:29,2/6/17 9:29,Survey Test,,100,0,TRUE,2/6/17 9:29,R_8ANlYAwAwtbrqg5,,,,,,37.86680603,-122.2536011,test,Erat eros lacus aliquet metus! Est! Ullamcorper phasellus lacus nec purus augue laoreet vestibulum scelerisque.,"Dignissim? Odio potenti. Sollicitudin, vitae laoreet non rutrum eleifend. Venenatis phasellus.",,I DO NOT AGREE TO PARTICIPATE and DO NOT CONSENT Minah Jung to use the data for her research.  ,7. Strongly Agree,7. Strongly Agree,6,7. Strongly Agree,6,6,3,2,4.Neither Agree nor Disagree,3,A. It is easy for me to become emotionally close to others. I am comfortable depending on them and having them depend on me. I don't worry about being alone of having others not accept me.,6,4. Neutral/Mixed,1. Disagree Strongly,4. Neutral/Mixed,Yes,3.16,6.43,7.78,16,,,,,,,,,,,,,,,,,,,,,,,,,,,,"The Grand Budapest Hotel,Maleficent,The Interstellar,Wall-E,Horrible Bosses,Titanic,The Conjuring,How to Train Your Dragon,The Science of Sex Appeal,March of the Penguins",Culpa suspendisse tempor. Magnis quis! Wisi! Molestie tellus eu phasellus! Ultrices vehicula.,5,5,6,3,2,3,6,20,Strongly Agree,Disagree,Somewhat Agree,Neither Agree nor Disagree,Somewhat Disagree,Somewhat Agree,Somewhat Agree,Strongly Agree,Neither Agree nor Disagree,Disagree,,-42,Human,1957,Female,"Molestie eget dolorem? Aliquet? Molestie imperdiet montes proin urna etiam wisi montes, leo lorem tempora.",I DO NOT AGREE TO allow the use of my data for research purposes,,0,1,close
2/6/17 9:29,2/6/17 9:29,Survey Test,,100,1,TRUE,2/6/17 9:29,R_bgEJXTtq9NTAS9f,,,,,,37.86680603,-122.2536011,test,"Vestibulum vehicula! Iaculis ligula dignissim donec ridiculus ultrices, primis volutpat leo malesuada.",Lacus porttitor. Pellentesque eu pellentesque wisi. Dignissim neque felis sollicitudin ut est lectus tortor.,,I AGREE TO PARTICIPATE and CONSENT Minah Jung to use the data for her research. ,1. Strongly Disagree,3,5,5,5,4.Neither Agree nor Disagree,1. Strongly Disagree,1. Strongly Disagree,1. Strongly Disagree,5,"D. I am comfortable without close emotional relationships. It is very important to me to feel independent and self-sufficient, and I prefer not to depend on others or have others depend on me.",2,5,4. Neutral/Mixed,2,Yes,5.25,6.77,6.01,34,,,,,,,,,,,,,,,,,,,,,,,,,,,,"Pineapple express,The Hangover,Fight Club,Anchorman,Star Trek: Into Darkness,Insidious,Knocked Up,Sleepless in Seattle,Bowling for Columbine,An Inconvenient Truth","Ligula vehicula, euismod consectetuer justo etiam tellus nullam dui sagittis felis, tempus laoreet dignissim elementum.",7,5,7. Very close,2,3,1. Not at all,7. Very knowledgeable,20,Strongly Agree,Agree,Strongly Agree,Disagree,Strongly Disagree,Agree,Neither Agree nor Disagree,Strongly Agree,Strongly Disagree,Disagree,-6,,Human,1997,Female,Pellentesque? Consectetuer montes commodo a iaculis arcu eros massa! Tellus justo porttitor accusamus.,I have read this debriefing form and I AGREE to allow the use of my data for research purposes.,,0,1,close
2/6/17 9:29,2/6/17 9:29,Survey Test,,100,1,TRUE,2/6/17 9:29,R_3z9sVJHMXRCOvxr,,,,,,37.86680603,-122.2536011,test,Viverra tempor augue ridiculus accusamus? Suspendisse aliquam id suspendisse sollicitudin.,Tellus sed augue nulla quis nibh morbi ipsum et! Leo suspendisse potenti eu mattis.,,I DO NOT AGREE TO PARTICIPATE and DO NOT CONSENT Minah Jung to use the data for her research.  ,3,6,4.Neither Agree nor Disagree,4.Neither Agree nor Disagree,1. Strongly Disagree,3,3,4.Neither Agree nor Disagree,6,4.Neither Agree nor Disagree,"C. I want to be completely emotionally intimate with others, but I often find that others are reluctant to get as close as i would like. I am uncomfortable being without close relationships, but I sometimes worry that others don't value me as much as i value them.",4. Neutral/Mixed,3,3,4. Neutral/Mixed,No,9,9.83,9.89,2,,,,,,,,,,,,,,,,,,,,,,,,,,,,"The Hangover,  Argo  ,The Fault in Our Stars,The Dark Knight,The Others,Knocked Up,Toy Story,How to Train Your Dragon,The Notebook,Pumping Iron",Magna metus. Ut amet suscipit dui consectetuer velit purus nonummy porttitor nec vehicula ultricies.,5,1. Not at all,2,2,1. Not at all,5,6,85,Somewhat Agree,Strongly Disagree,Somewhat Disagree,Neither Agree nor Disagree,Disagree,Somewhat Agree,Somewhat Disagree,Somewhat Disagree,Agree,Strongly Agree,,20,Artificial Intelligence,1905,Female,"Quis arcu. Dolorem accusamus erat enim? Platea, nunc elementum euismod mi molestie, rutrum.",I have read this debriefing form and I AGREE to allow the use of my data for research purposes.,,0,1,close
2/6/17 9:29,2/6/17 9:29,Survey Test,,100,0,TRUE,2/6/17 9:29,R_7NHzbUFEw8HZE4B,,,,,,37.86680603,-122.2536011,test,Atque faucibus euismod! Curabitur suscipit ut sit consequat luctus magnis.,Duis velit! Proin. Rutrum in nibh? Pellentesque velit? Orci amet felis. Sem sagittis.,,I AGREE TO PARTICIPATE and CONSENT Minah Jung to use the data for her research. ,1. Strongly Disagree,7. Strongly Agree,7. Strongly Agree,5,5,1. Strongly Disagree,7. Strongly Agree,6,2,2,"B. I am uncomfortable getting close to others. I want emotionally close relationships, but I find it difficult to trust others completely, or to depend on them. I worry that I will be hurt if I allow myself to become too close to others.",5,4. Neutral/Mixed,4. Neutral/Mixed,5,Yes,4.85,7.7,6.86,35,,,,,,,,,,,,,,,,,,,,,,,,,,,,"Taken,Fight Club,  Argo  ,Spirited Away,Boyhood,The Conjuring,The Others,Insidious,Toy Story,Sleepless in Seattle",Amet. Atque at. Tellus praesent vulputate bibendum nec? Eleifend neque bibendum magnis.,5,4,5,7. Very close,6,6,6,51,Agree,Somewhat Agree,Neither Agree nor Disagree,Somewhat Disagree,Neither Agree nor Disagree,Strongly Disagree,Strongly Agree,Strongly Disagree,Neither Agree nor Disagree,Somewhat Agree,-6,,Artificial Intelligence,1908,Male,"Pretium dapibus. Dapibus ligula, pellentesque id. Potenti! Sed lacus et mauris viverra.",I have read this debriefing form and I AGREE to allow the use of my data for research purposes.,,0,1,close
2/6/17 9:29,2/6/17 9:29,Survey Test,,100,1,TRUE,2/6/17 9:29,R_23uwffkQmRqeMbb,,,,,,37.86680603,-122.2536011,test,Leo quam ab. Wisi convallis interdum vel eu atque sagittis ut atque sapien proin rhoncus.,Wisi eu iaculis suspendisse pharetra etiam? Egestas ut potenti integer gravida in purus.,I DO NOT AGREE TO PARTICIPATE and DO NOT CONSENT Minah Jung to use the data for her research.  ,,2,6,1. Strongly Disagree,7. Strongly Agree,7. Strongly Agree,1. Strongly Disagree,4.Neither Agree nor Disagree,6,5,1. Strongly Disagree,"B. I am uncomfortable getting close to others. I want emotionally close relationships, but I find it difficult to trust others completely, or to depend on them. I worry that I will be hurt if I allow myself to become too close to others.",2,3,5,4. Neutral/Mixed,Yes,4.8,7.34,7.13,31,,,,,,,,,,,,,,,,,,,,,,,,,,,,"Pineapple express,The Hangover,Wall-E,            Up           ,A Walk to Remember,Titanic,Paranormal Activity,How to Train Your Dragon,Monsters Inc.,March of the Penguins",Nunc accusamus. In vestibulum ut consequat ridiculus odio placerat eu ut.,6,7. Very much,5,4,5,6,3,30,Strongly Agree,Disagree,Somewhat Agree,Neither Agree nor Disagree,Somewhat Agree,Disagree,Disagree,Agree,Strongly Agree,Strongly Disagree,-86,,Human,1900,Male,"Potenti commodo pede. Ultrices pharetra sed facilisis tincidunt. Platea risus per sem nunc, molestie.",,I DO NOT AGREE TO allow the use of my data for research purposes,0,0,close
2/6/17 9:29,2/6/17 9:29,Survey Test,,100,0,TRUE,2/6/17 9:29,R_2lRhudavoOWU7WZ,,,,,,37.86680603,-122.2536011,test,Sed quam culpa platea neque euismod tortor curabitur suspendisse platea egestas ac! Temporibus.,Pede quis cras volutpat mauris dolor cras quis platea temporibus diam culpa phasellus non.,I DO NOT AGREE TO PARTICIPATE and DO NOT CONSENT Minah Jung to use the data for her research.  ,,4.Neither Agree nor Disagree,2,3,4.Neither Agree nor Disagree,6,1. Strongly Disagree,4.Neither Agree nor Disagree,4.Neither Agree nor Disagree,5,3,"C. I want to be completely emotionally intimate with others, but I often find that others are reluctant to get as close as i would like. I am uncomfortable being without close relationships, but I sometimes worry that others don't value me as much as i value them.",3,5,3,2,Yes,3.72,4.08,8.56,2,,,,,,,,,,,,,,,,,,,,,,,,,,,,"Pineapple express,No Strings Attached,Goodwill Hunting,Spirited Away,Maleficent,Horrible Bosses,The Others,Insidious,Her,An Inconvenient Truth",Fringilla magna scelerisque duis nonummy luctus? Placerat vehicula erat commodo massa sem rhoncus nibh.,2,7. Very much,1. Not close at all,1. Not close at al,2,7.  Very much,5,57,Strongly Agree,Somewhat Agree,Agree,Somewhat Disagree,Somewhat Agree,Somewhat Agree,Strongly Agree,Agree,Neither Agree nor Disagree,Somewhat Agree,-96,,Human,1938,Male,Velit pharetra sit dapibus! Blandit ante proin egestas scelerisque mi sem.,,I DO NOT AGREE TO allow the use of my data for research purposes,0,0,close
2/6/17 9:29,2/6/17 9:29,Survey Test,,100,0,TRUE,2/6/17 9:29,R_9ZemtMRWy5BkhQp,,,,,,37.86680603,-122.2536011,test,Pretium mi lorem facilisis felis pede mauris sollicitudin dolor dolor interdum vivamus.,Tortor montes tempor lacus vitae ipsum felis sapien vulputate fermentum at! Erat ac sollicitudin.,,I DO NOT AGREE TO PARTICIPATE and DO NOT CONSENT Minah Jung to use the data for her research.  ,2,4.Neither Agree nor Disagree,4.Neither Agree nor Disagree,5,7. Strongly Agree,6,6,5,6,3,"C. I want to be completely emotionally intimate with others, but I often find that others are reluctant to get as close as i would like. I am uncomfortable being without close relationships, but I sometimes worry that others don't value me as much as i value them.",5,5,6,2,Yes,2.14,4.56,3.05,6,,,,,,,,,,,,,,,,,,,,,,,,,,,,"The Grand Budapest Hotel,No Strings Attached,The Princess Bridge,The Godfather,Knocked Up,Toy Story,Sleepless in Seattle,The Science of Sex Appeal,March of the Penguins,An Inconvenient Truth","Tellus bibendum ante, rutrum auctor justo cursus eget laoreet fusce proin.",7,7. Very much,3,2,1. Not at all,7.  Very much,3,78,Strongly Agree,Somewhat Disagree,Somewhat Disagree,Neither Agree nor Disagree,Disagree,Strongly Disagree,Agree,Somewhat Agree,Somewhat Agree,Neither Agree nor Disagree,-60,,Human,1935,Female,Venenatis praesent nec diam justo tortor? Urna montes purus sem lectus luctus.,I have read this debriefing form and I AGREE to allow the use of my data for research purposes.,,0,1,close
2/6/17 9:29,2/6/17 9:29,Survey Test,,100,0,TRUE,2/6/17 9:29,R_cI9aDGqL8Sp1Erj,,,,,,37.86680603,-122.2536011,test,Elit facilisis eros viverra accumsan sollicitudin augue convallis eu. Id nonummy ut non.,"Justo donec, posuere augue ullamcorper! Ut pellentesque molestie sapien molestie.",,I AGREE TO PARTICIPATE and CONSENT Minah Jung to use the data for her research. ,2,6,4.Neither Agree nor Disagree,3,5,3,6,6,1. Strongly Disagree,7. Strongly Agree,A. It is easy for me to become emotionally close to others. I am comfortable depending on them and having them depend on me. I don't worry about being alone of having others not accept me.,5,4. Neutral/Mixed,5,3,Yes,6.98,7.82,8.11,35,,,,,,,,,,,,,,,,,,,,,,,,,,,,"Goodwill Hunting,The Fault in Our Stars,Silver Linings Playbook,The Hunger Games,Shrek,The Princess Bridge,The Conjuring,Monsters Inc.,Pumping Iron,The Science of Sex Appeal","Venenatis mattis montes vulputate, interdum rhoncus vulputate rutrum, platea. Nonummy tempora commodo. Ut ultrices metus.",1,2,4,2,1. Not at all,2,4,19,Neither Agree nor Disagree,Agree,Strongly Agree,Strongly Disagree,Neither Agree nor Disagree,Neither Agree nor Disagree,Somewhat Disagree,Somewhat Disagree,Disagree,Agree,16,,Artificial Intelligence,1931,Female,"Interdum! Integer. Sit consequat nulla wisi vulputate suspendisse elementum ante morbi, luctus.",I have read this debriefing form and I AGREE to allow the use of my data for research purposes.,,0,1,close
2/6/17 11:27,2/6/17 11:37,IP Address,128.32.229.26,61,608,FALSE,2/6/17 15:37,R_1QtrJ5oakRU3Y46,,,,,,,,anonymous,24555260,kevin.shao@berkeley.edu,,I AGREE TO PARTICIPATE and CONSENT Minah Jung to use the data for her research. ,2,6,5,5,7. Strongly Agree,5,4.Neither Agree nor Disagree,2,4.Neither Agree nor Disagree,4.Neither Agree nor Disagree,"D. I am comfortable without close emotional relationships. It is very important to me to feel independent and self-sufficient, and I prefer not to depend on others or have others depend on me.",3,5,2,7. Agree Strongly,Yes,3.191,349.039,446.492,7,,,,,,,,,,,,,,,,,,,,,,,,,,,,,,,,,,,,,,,,,,,,,,,,,,,,,,,,0,1,close
2/6/17 14:16,2/6/17 14:18,IP Address,128.32.229.40,18,78,FALSE,2/6/17 18:18,R_1roz4NYnAf0XiEM,,,,,,,,anonymous,a,a,,I AGREE TO PARTICIPATE and CONSENT Minah Jung to use the data for her research. ,5,5,5,5,5,5,5,5,5,5,"D. I am comfortable without close emotional relationships. It is very important to me to feel independent and self-sufficient, and I prefer not to depend on others or have others depend on me.",5,5,5,5,,,,,,,,,,,,,,,,,,,,,,,,,,,,,,,,,,,,,,,,,,,,,,,,,,,,,,,,,,,,,0,1,close
2/8/17 9:02,2/8/17 9:39,IP Address,128.32.229.26,100,2243,TRUE,2/8/17 9:39,R_1mdScmWBXjJARNO,171,,,,,37.86680603,-122.2536011,anonymous,3032269241,beril@berkeler.edu,I AGREE TO PARTICIPATE and CONSENT Minah Jung to use the data for her research. ,,7. Strongly Agree,6,5,1. Strongly Disagree,7. Strongly Agree,6,7. Strongly Agree,1. Strongly Disagree,7. Strongly Agree,1. Strongly Disagree,A. It is easy for me to become emotionally close to others. I am comfortable depending on them and having them depend on me. I don't worry about being alone of having others not accept me.,7. Agree Strongly,1. Disagree Strongly,1. Disagree Strongly,1. Disagree Strongly,Yes,48.667,494.939,1484.221,17,,,,,,,,,,,,,,,,,,,,,,,,,,,,"The Hangover,The Grand Budapest Hotel,No Strings Attached,Inception,The Interstellar,The Hunger Games,Anchorman,Titanic,Star Trek: Into Darkness,Bridesmaids",2,7,7. Very much,5,5,7. Enjoyed very much,7.  Very much,5,27,Strongly Agree,Strongly Agree,Agree,Disagree,Strongly Agree,Agree,Strongly Agree,Strongly Disagree,Strongly Agree,Somewhat Disagree,95,,Human,1982,Female,student,,I have read this debriefing form and I AGREE to allow the use of my data for research purposes.,0,0,close
2/8/17 9:03,2/8/17 10:40,IP Address,128.32.229.17,100,5833,TRUE,2/8/17 10:40,R_3CHocVCCNytHAdd,173,,,,,37.86680603,-122.2536011,anonymous,24185450,brkim@berkeley.edu,,I AGREE TO PARTICIPATE and CONSENT Minah Jung to use the data for her research. ,5,2,6,2,6,3,5,2,6,3,A. It is easy for me to become emotionally close to others. I am comfortable depending on them and having them depend on me. I don't worry about being alone of having others not accept me.,6,2,3,3,Yes,10.704,1250.806,1337.093,39,,,,,,,,,,,,,,,,,,,,,,,,,,,,"Taken,Inception,The Interstellar,The Hunger Games,The Dark Knight,Star Trek: Into Darkness,The Lord of the Rings ,Toy Story,How to Train Your Dragon,Supersize Me",3,4,5,3,3,5,5,4,71,Agree,Disagree,Agree,Disagree,Somewhat Agree,Disagree,Somewhat Agree,Disagree,Agree,Somewhat Disagree,,-73,Human,1995,Male,astronomer,I have read this debriefing form and I AGREE to allow the use of my data for research purposes.,,0,1,close
2/8/17 10:09,2/8/17 10:45,IP Address,128.32.229.26,100,2167,TRUE,2/8/17 10:45,R_3rUvHakRUyc5GOY,172,,,,,37.86680603,-122.2536011,anonymous,24258945,dhruvpatel@berkeley.edu,,I AGREE TO PARTICIPATE and CONSENT Minah Jung to use the data for her research. ,6,4.Neither Agree nor Disagree,5,2,4.Neither Agree nor Disagree,3,2,2,5,3,"D. I am comfortable without close emotional relationships. It is very important to me to feel independent and self-sufficient, and I prefer not to depend on others or have others depend on me.",1. Disagree Strongly,4. Neutral/Mixed,1. Disagree Strongly,5,Yes,7.521,25.105,1749.967,2,,,,,,,,,,,,,,,,,,,,,,,,,,,,"Pineapple express,The Hangover,Taken,Inception,Goodwill Hunting,  Argo  ,The Interstellar,The Dark Knight,The Godfather,Knocked Up",3,2,4,4,4,4,5,3,49,Somewhat Agree,Disagree,Somewhat Disagree,Neither Agree nor Disagree,Neither Agree nor Disagree,Somewhat Disagree,Somewhat Agree,Somewhat Disagree,Somewhat Disagree,Neither Agree nor Disagree,95,,Human,1994,Male,Astronomer,I have read this debriefing form and I AGREE to allow the use of my data for research purposes.,,0,1,close
2/13/17 9:47,2/13/17 10:31,IP Address,128.32.229.26,100,2636,TRUE,2/13/17 10:31,R_1je4oTxY8xUueGk,174,,,,,37.86680603,-122.2536011,anonymous,24794079,fede125955@berkeley.edu,I AGREE TO PARTICIPATE and CONSENT Minah Jung to use the data for her research. ,,5,3,5,1. Strongly Disagree,6,4.Neither Agree nor Disagree,3,2,6,4.Neither Agree nor Disagree,"D. I am comfortable without close emotional relationships. It is very important to me to feel independent and self-sufficient, and I prefer not to depend on others or have others depend on me.",3,1. Disagree Strongly,1. Disagree Strongly,6,Yes,4.869,569.86,981.891,5,,,,,,,,,,,,,,,,,,,,,,,,,,,,"Pulp Fiction,Inception,Fight Club,Goodwill Hunting,  Argo  ,The Dark Knight,            Up           ,The Silence of the Lambs,The Lord of the Rings ,How to Train Your Dragon",4,2,4,2,2,2,1. Not at all,2,40,Somewhat Agree,Disagree,Somewhat Agree,Disagree,Somewhat Agree,Neither Agree nor Disagree,Somewhat Disagree,Somewhat Disagree,Neither Agree nor Disagree,Neither Agree nor Disagree,10,,Human,1995,Male,astronomer,,I have read this debriefing form and I AGREE to allow the use of my data for research purposes.,0,0,close
2/13/17 9:48,2/13/17 10:37,IP Address,128.32.229.17,100,2961,TRUE,2/13/17 10:37,R_wYQDoxy9ntdJqN3,175,,,,,37.86680603,-122.2536011,anonymous,24663493,matthewko@berkeley.edu,I AGREE TO PARTICIPATE and CONSENT Minah Jung to use the data for her research. ,,7. Strongly Agree,5,5,2,6,1. Strongly Disagree,4.Neither Agree nor Disagree,2,3,1. Strongly Disagree,"C. I want to be completely emotionally intimate with others, but I often find that others are reluctant to get as close as i would like. I am uncomfortable being without close relationships, but I sometimes worry that others don't value me as much as i value them.",6,2,7. Agree Strongly,4. Neutral/Mixed,Yes,2.965,1300.543,1302.434,8,,,,,,,,,,,,,,,,,,,,,,,,,,,,"Pulp Fiction,Fight Club,Goodwill Hunting,The Dark Knight,Eternal Sunshine of the Spotless Mind,Titanic,The Godfather,Toy Story,The Notebook,Inside Job",3,1,2,1. Not close at all,1. Not close at al,3,2,1. Not at all knowledgeable,30,Disagree,Somewhat Agree,Strongly Agree,Somewhat Agree,Neither Agree nor Disagree,Somewhat Agree,Neither Agree nor Disagree,Strongly Disagree,Somewhat Agree,Somewhat Agree,,-100,Human,1995,Male,astronomer ,,I have read this debriefing form and I AGREE to allow the use of my data for research purposes.,0,0,close
2/13/17 11:06,2/13/17 11:27,IP Address,128.32.229.17,100,1246,TRUE,2/13/17 11:27,R_3KI0xFqYlHIW6hs,176,,,,,37.86680603,-122.2536011,anonymous,24665091,samuelmanderfield@berkeley.edu,,I AGREE TO PARTICIPATE and CONSENT Minah Jung to use the data for her research. ,6,4.Neither Agree nor Disagree,7. Strongly Agree,3,5,4.Neither Agree nor Disagree,3,2,6,5,"D. I am comfortable without close emotional relationships. It is very important to me to feel independent and self-sufficient, and I prefer not to depend on others or have others depend on me.",5,3,2,6,Yes,5.354,64.293,606.462,8,,,,,,,,,,,,,,,,,,,,,,,,,,,,"Pulp Fiction,Pineapple express,Goodwill Hunting,  Argo  ,Spirited Away,Shrek,Anchorman,            Up           ,The Lord of the Rings ,Monsters Inc.",4,6,6,2,7. Very close,6,6,5,63,Somewhat Agree,Disagree,Neither Agree nor Disagree,Neither Agree nor Disagree,Somewhat Agree,Neither Agree nor Disagree,Somewhat Agree,Disagree,Somewhat Disagree,Disagree,-76,,Artificial Intelligence,1995,Male,astronomer,I have read this debriefing form and I AGREE to allow the use of my data for research purposes.,,0,1,close
2/13/17 9:47,2/13/17 11:40,IP Address,128.32.229.4,100,6829,TRUE,2/13/17 11:40,R_3oNNz5G4A9IBlGh,177,,,,,37.86680603,-122.2536011,anonymous,25284546,davidgiongco@berkeley.edu,,I AGREE TO PARTICIPATE and CONSENT Minah Jung to use the data for her research. ,4.Neither Agree nor Disagree,5,6,6,4.Neither Agree nor Disagree,6,7. Strongly Agree,3,4.Neither Agree nor Disagree,4.Neither Agree nor Disagree,"B. I am uncomfortable getting close to others. I want emotionally close relationships, but I find it difficult to trust others completely, or to depend on them. I worry that I will be hurt if I allow myself to become too close to others.",4. Neutral/Mixed,6,6,6,Yes,10.543,1376.585,1383.318,16,,,,,,,,,,,,,,,,,,,,,,,,,,,,"Inception,Spirited Away,Silver Linings Playbook,The Hunger Games,The Dark Knight,A Walk to Remember,Toy Story,Monsters Inc.,The Notebook,March of the Penguins",5,3,5,4,4,7. Enjoyed very much,5,3,80,Somewhat Agree,Disagree,Strongly Agree,Somewhat Disagree,Agree,Somewhat Disagree,Agree,Disagree,Agree,Somewhat Disagree,,-100,Human,1996,Male,astronomer,I have read this debriefing form and I AGREE to allow the use of my data for research purposes.,,0,1,close
2/13/17 11:07,2/13/17 12:07,IP Address,128.32.229.26,100,3586,TRUE,2/13/17 12:07,R_1OjWx8QtQgjZcuw,178,,,,,37.86680603,-122.2536011,anonymous,25504530,mlamas@berkeley.edu,,I AGREE TO PARTICIPATE and CONSENT Minah Jung to use the data for her research. ,1. Strongly Disagree,4.Neither Agree nor Disagree,5,5,6,6,5,2,3,4.Neither Agree nor Disagree,A. It is easy for me to become emotionally close to others. I am comfortable depending on them and having them depend on me. I don't worry about being alone of having others not accept me.,5,3,5,5,Yes,37.645,2333.521,2335.834,4,,,,,,,,,,,,,,,,,,,,,,,,,,,,"Taken,Fight Club,Maleficent,The Dark Knight,Horrible Bosses,            Up           ,Titanic,Toy Story,The Notebook,Bridesmaids",2,3,4,3,3,5,5,4,61,Somewhat Disagree,Neither Agree nor Disagree,Somewhat Agree,Somewhat Agree,Agree,Neither Agree nor Disagree,Agree,Disagree,Neither Agree nor Disagree,Neither Agree nor Disagree,,-81,Human,1990,Female,astronomer,I have read this debriefing form and I AGREE to allow the use of my data for research purposes.,,0,1,close
2/13/17 12:08,2/13/17 15:26,IP Address,128.32.229.26,100,11890,TRUE,2/13/17 15:26,R_3RaR9eb2ESPnZw0,180,,,,,37.86680603,-122.2536011,anonymous,24683340,linda.ge@berkeley.edu,I AGREE TO PARTICIPATE and CONSENT Minah Jung to use the data for her research. ,,2,3,6,6,5,7. Strongly Agree,4.Neither Agree nor Disagree,2,5,6,"B. I am uncomfortable getting close to others. I want emotionally close relationships, but I find it difficult to trust others completely, or to depend on them. I worry that I will be hurt if I allow myself to become too close to others.",2,6,5,5,Yes,6.047,1075.445,1112.797,13,,,,,,,,,,,,,,,,,,,,,,,,,,,,"The Grand Budapest Hotel,No Strings Attached,Inception,Goodwill Hunting,Maleficent,The Interstellar,Eternal Sunshine of the Spotless Mind,            Up           ,Titanic,Her",3,1,3,1. Not close at all,1. Not close at al,2,2,1. Not at all knowledgeable,20,Disagree,Disagree,Strongly Disagree,Strongly Disagree,Neither Agree nor Disagree,Agree,Somewhat Agree,Somewhat Disagree,Somewhat Agree,Strongly Agree,100,,Human,1995,Female,astronomer,,I have read this debriefing form and I AGREE to allow the use of my data for research purposes.,0,0,close
2/13/17 9:48,2/13/17 15:30,IP Address,128.32.229.86,100,20528,TRUE,2/13/17 15:30,R_31Yrs17sa6aq6mu,181,,,,,37.86680603,-122.2536011,anonymous,24677821,a.li@berkeley.edu,I AGREE TO PARTICIPATE and CONSENT Minah Jung to use the data for her research. ,,5,5,5,4.Neither Agree nor Disagree,5,5,4.Neither Agree nor Disagree,4.Neither Agree nor Disagree,5,5,A. It is easy for me to become emotionally close to others. I am comfortable depending on them and having them depend on me. I don't worry about being alone of having others not accept me.,6,3,5,3,Yes,4.221,26.438,1171.992,15,,,,,,,,,,,,,,,,,,,,,,,,,,,,"The Hangover,No Strings Attached,Inception,Boyhood,Wall-E,The Godfather,Star Trek: Into Darkness,The Conjuring,The Lord of the Rings ,Her",2,4,5,5,5,5,5,5,71,Agree,Somewhat Disagree,Agree,Somewhat Disagree,Agree,Somewhat Disagree,Agree,Somewhat Disagree,Agree,Somewhat Disagree,100,,Human,1994,Male,student,,I have read this debriefing form and I AGREE to allow the use of my data for research purposes.,0,0,close
2/13/17 11:28,2/13/17 15:37,IP Address,128.32.229.17,100,14939,TRUE,2/13/17 15:37,R_3hzurF7w1WK2HvI,182,,,,,37.86680603,-122.2536011,anonymous,25708927,mhaseeb28@berkeley.edu,,I AGREE TO PARTICIPATE and CONSENT Minah Jung to use the data for her research. ,7. Strongly Agree,5,7. Strongly Agree,5,5,3,7. Strongly Agree,2,6,1. Strongly Disagree,"C. I want to be completely emotionally intimate with others, but I often find that others are reluctant to get as close as i would like. I am uncomfortable being without close relationships, but I sometimes worry that others don't value me as much as i value them.",6,1. Disagree Strongly,6,1. Disagree Strongly,Yes,5.592,82.24,1451.56,2,,,,,,,,,,,,,,,,,,,,,,,,,,,,"The Fault in Our Stars,The Hunger Games,Shrek,            Up           ,A Walk to Remember,Titanic,Toy Story,How to Train Your Dragon,Monsters Inc.,The Notebook",4,4,4,1. Not close at all,4,4,5,2,50,Disagree,Neither Agree nor Disagree,Somewhat Agree,Agree,Somewhat Disagree,Agree,Disagree,Neither Agree nor Disagree,Somewhat Disagree,Somewhat Agree,-100,,Artificial Intelligence,1996,Female,astronomer,I have read this debriefing form and I AGREE to allow the use of my data for research purposes.,,0,1,close
2/13/17 11:43,2/13/17 15:41,IP Address,128.32.229.4,100,14303,TRUE,2/13/17 15:41,R_sI6MMeA0oiQJavf,183,,,,,37.86680603,-122.2536011,anonymous,25751206,jasonwang@berkeley.edu,,I AGREE TO PARTICIPATE and CONSENT Minah Jung to use the data for her research. ,5,2,4.Neither Agree nor Disagree,2,6,4.Neither Agree nor Disagree,6,4.Neither Agree nor Disagree,5,4.Neither Agree nor Disagree,"B. I am uncomfortable getting close to others. I want emotionally close relationships, but I find it difficult to trust others completely, or to depend on them. I worry that I will be hurt if I allow myself to become too close to others.",5,6,3,2,Yes,4.182,52.927,1528.678,2,,,,,,,,,,,,,,,,,,,,,,,,,,,,"The Hangover,No Strings Attached,Boyhood,The Fault in Our Stars,The Interstellar,The Hunger Games,The Dark Knight,Horrible Bosses,Anchorman,Bridesmaids",4,4,4,1. Not close at all,1. Not close at al,4,3,1. Not at all knowledgeable,65,Somewhat Agree,Disagree,Somewhat Agree,Disagree,Agree,Neither Agree nor Disagree,Somewhat Disagree,Somewhat Disagree,Somewhat Agree,Agree,,-98,Human,1996,Male,astronomer,I have read this debriefing form and I AGREE to allow the use of my data for research purposes.,,0,1,close
2/15/17 9:09,2/15/17 9:45,IP Address,128.32.229.26,100,2156,TRUE,2/15/17 9:45,R_2Ynr3PEOaTFSvqs,185,,,,,37.86680603,-122.2536011,anonymous,25162572,samanthaelee@berkeley.edu,I AGREE TO PARTICIPATE and CONSENT Minah Jung to use the data for her research. ,,3,5,6,5,6,5,3,2,5,5,"B. I am uncomfortable getting close to others. I want emotionally close relationships, but I find it difficult to trust others completely, or to depend on them. I worry that I will be hurt if I allow myself to become too close to others.",3,6,3,6,Yes,0.739,1522.59,1540.131,16,,,,,,,,,,,,,,,,,,,,,,,,,,,,"The Grand Budapest Hotel,No Strings Attached,The Fault in Our Stars,Silver Linings Playbook,Horrible Bosses,A Walk to Remember,Titanic,The Notebook,Bridesmaids,Inside Job",3,2,4,1. Not close at all,1. Not close at al,3,3,2,60,Agree,Disagree,Somewhat Agree,Disagree,Somewhat Agree,Disagree,Somewhat Agree,Neither Agree nor Disagree,Neither Agree nor Disagree,Neither Agree nor Disagree,,40,Artificial Intelligence,1996,Female,astronomer,,I have read this debriefing form and I AGREE to allow the use of my data for research purposes.,0,0,close
2/15/17 9:09,2/15/17 9:45,IP Address,128.32.229.17,100,2151,TRUE,2/15/17 9:45,R_z76BFOht91JBsQ1,184,,,,,37.86680603,-122.2536011,anonymous,24672241,siyingwu@berkeley.edu,,I AGREE TO PARTICIPATE and CONSENT Minah Jung to use the data for her research. ,1. Strongly Disagree,2,3,7. Strongly Agree,3,6,3,3,2,6,A. It is easy for me to become emotionally close to others. I am comfortable depending on them and having them depend on me. I don't worry about being alone of having others not accept me.,2,6,6,2,Yes,6.818,44.906,1554.384,2,,,,,,,,,,,,,,,,,,,,,,,,,,,,"Goodwill Hunting,Spirited Away,Shrek,The Princess Bridge,Titanic,The Godfather,The Lord of the Rings ,Toy Story,Supersize Me,The Notebook",5,3,5,5,4,6,6,5,50,Neither Agree nor Disagree,Neither Agree nor Disagree,Neither Agree nor Disagree,Somewhat Disagree,Agree,Somewhat Disagree,Agree,Neither Agree nor Disagree,Somewhat Agree,Somewhat Agree,100,,Human,1995,Female,astronomer,I have read this debriefing form and I AGREE to allow the use of my data for research purposes.,,0,1,close
2/15/17 9:52,2/15/17 10:34,IP Address,128.32.229.9,100,2535,TRUE,2/15/17 10:34,R_uqQgZEfeCJ7URNf,186,,,,,37.86680603,-122.2536011,anonymous,24346092,nathanaminpour@berkeley.edu,I AGREE TO PARTICIPATE and CONSENT Minah Jung to use the data for her research. ,,6,4.Neither Agree nor Disagree,6,5,7. Strongly Agree,3,7. Strongly Agree,1. Strongly Disagree,6,5,"B. I am uncomfortable getting close to others. I want emotionally close relationships, but I find it difficult to trust others completely, or to depend on them. I worry that I will be hurt if I allow myself to become too close to others.",5,6,2,2,Yes,5.775,101.801,1167.058,3,,,,,,,,,,,,,,,,,,,,,,,,,,,,"Pulp Fiction,The Grand Budapest Hotel,Fight Club,Goodwill Hunting,Spirited Away,The Dark Knight,The Silence of the Lambs,The Godfather,The Lord of the Rings ,Her",5,1,2,1. Not close at all,1. Not close at al,1. Not at all,1. Not at all,1. Not at all knowledgeable,0,Neither Agree nor Disagree,Neither Agree nor Disagree,Neither Agree nor Disagree,Neither Agree nor Disagree,Neither Agree nor Disagree,Neither Agree nor Disagree,Neither Agree nor Disagree,Neither Agree nor Disagree,Neither Agree nor Disagree,Neither Agree nor Disagree,,70,Artificial Intelligence,1995,Male,Kaplan MCAT Instructor,,I have read this debriefing form and I AGREE to allow the use of my data for research purposes.,0,0,close
2/15/17 10:11,2/15/17 10:46,IP Address,128.32.229.86,100,2063,TRUE,2/15/17 10:46,R_BP45fpislpLU0RH,187,,,,,37.86680603,-122.2536011,anonymous,25237658,yanglanj19@berkeley.edu,I AGREE TO PARTICIPATE and CONSENT Minah Jung to use the data for her research. ,,2,3,6,3,5,6,4.Neither Agree nor Disagree,2,5,5,"B. I am uncomfortable getting close to others. I want emotionally close relationships, but I find it difficult to trust others completely, or to depend on them. I worry that I will be hurt if I allow myself to become too close to others.",4. Neutral/Mixed,6,4. Neutral/Mixed,4. Neutral/Mixed,Yes,10.223,262.553,1599.024,4,,,,,,,,,,,,,,,,,,,,,,,,,,,,"The Hangover,Taken,No Strings Attached,Inception,The Interstellar,            Up           ,Star Trek: Into Darkness,The Lord of the Rings ,How to Train Your Dragon,Bridesmaids",3,3,4,1. Not close at all,1. Not close at al,4,4,2,30,Somewhat Agree,Neither Agree nor Disagree,Neither Agree nor Disagree,Neither Agree nor Disagree,Somewhat Agree,Somewhat Disagree,Somewhat Agree,Somewhat Disagree,Neither Agree nor Disagree,Neither Agree nor Disagree,62,,Human,1996,Female,astronomer,,I have read this debriefing form and I AGREE to allow the use of my data for research purposes.,0,0,close
2/15/17 9:56,2/15/17 10:50,IP Address,128.32.229.28,100,3236,TRUE,2/15/17 10:50,R_1lmngJdx2MyHOuZ,188,,,,,37.86680603,-122.2536011,anonymous,24309447,joewilson@berkeley.edu,I AGREE TO PARTICIPATE and CONSENT Minah Jung to use the data for her research. ,,6,3,6,5,6,2,7. Strongly Agree,1. Strongly Disagree,4.Neither Agree nor Disagree,6,A. It is easy for me to become emotionally close to others. I am comfortable depending on them and having them depend on me. I don't worry about being alone of having others not accept me.,7. Agree Strongly,2,5,2,Yes,3.01,201.226,1892.098,6,,,,,,,,,,,,,,,,,,,,,,,,,,,,"Inception,The Interstellar,Silver Linings Playbook,The Hunger Games,Wall-E,The Dark Knight,            Up           ,Titanic,The Lord of the Rings ,March of the Penguins",3,2,5,1. Not close at all,1. Not close at al,3,4,1. Not at all knowledgeable,13,Somewhat Disagree,Disagree,Neither Agree nor Disagree,Neither Agree nor Disagree,Agree,Somewhat Agree,Somewhat Disagree,Neither Agree nor Disagree,Neither Agree nor Disagree,Neither Agree nor Disagree,,-100,Human,1994,Male,Astronomer,,I have read this debriefing form and I AGREE to allow the use of my data for research purposes.,0,0,close
2/15/17 9:53,2/15/17 10:28,IP Address,128.32.229.26,18,2072,FALSE,2/15/17 14:28,R_1IrNBb8SLkBBE8G,,,,,,,,anonymous,25208755,egarcia478@berkeley.edu,I AGREE TO PARTICIPATE and CONSENT Minah Jung to use the data for her research. ,,7. Strongly Agree,7. Strongly Agree,7. Strongly Agree,5,7. Strongly Agree,1. Strongly Disagree,5,2,5,3,"B. I am uncomfortable getting close to others. I want emotionally close relationships, but I find it difficult to trust others completely, or to depend on them. I worry that I will be hurt if I allow myself to become too close to others.",5,2,3,5,,,,,,,,,,,,,,,,,,,,,,,,,,,,,,,,,,,,,,,,,,,,,,,,,,,,,,,,,,,,,0,0,close
2/15/17 10:12,2/15/17 10:36,IP Address,128.32.229.17,18,1440,FALSE,2/15/17 14:36,R_1QMxua0L2g4342Y,,,,,,,,anonymous,24745205,michellexkim95@berkeley.edu,I AGREE TO PARTICIPATE and CONSENT Minah Jung to use the data for her research. ,,4.Neither Agree nor Disagree,4.Neither Agree nor Disagree,5,7. Strongly Agree,3,6,6,4.Neither Agree nor Disagree,3,3,"C. I want to be completely emotionally intimate with others, but I often find that others are reluctant to get as close as i would like. I am uncomfortable being without close relationships, but I sometimes worry that others don't value me as much as i value them.",3,5,6,4. Neutral/Mixed,,,,,,,,,,,,,,,,,,,,,,,,,,,,,,,,,,,,,,,,,,,,,,,,,,,,,,,,,,,,,0,0,close
2/21/17 10:42,2/21/17 11:34,IP Address,128.32.229.26,100,3152,TRUE,2/21/17 11:34,R_3shmdi9J2Yw19zk,191,,,,,37.86680603,-122.2536011,anonymous,26485742,Jenwongso@berkeley.edu,I AGREE TO PARTICIPATE and CONSENT Minah Jung to use the data for her research. ,,4.Neither Agree nor Disagree,2,6,5,6,5,5,4.Neither Agree nor Disagree,4.Neither Agree nor Disagree,5,"B. I am uncomfortable getting close to others. I want emotionally close relationships, but I find it difficult to trust others completely, or to depend on them. I worry that I will be hurt if I allow myself to become too close to others.",4. Neutral/Mixed,6,5,3,Yes,6.396,45.076,1051.305,3,,,,,,,,,,,,,,,,,,,,,,,,,,,,"Inception,Spirited Away,Maleficent,The Fault in Our Stars,The Interstellar,Silver Linings Playbook,The Hunger Games,Wall-E,            Up           ,A Walk to Remember",3,6,5,4,3,4,5,3,40,Neither Agree nor Disagree,Disagree,Somewhat Agree,Neither Agree nor Disagree,Somewhat Agree,Agree,Somewhat Agree,Somewhat Disagree,Somewhat Agree,Somewhat Disagree,,5,Artificial Intelligence,1997,Female,Astronomer,,I have read this debriefing form and I AGREE to allow the use of my data for research purposes.,0,0,close
2/21/17 14:34,2/21/17 15:09,IP Address,128.32.229.17,100,2100,TRUE,2/21/17 15:09,R_2B5Mezcf8jzbc4r,196,,,,,37.86680603,-122.2536011,anonymous,26263599,romarioanthony@berkeley.edu,,I AGREE TO PARTICIPATE and CONSENT Minah Jung to use the data for her research. ,6,5,5,5,6,3,4.Neither Agree nor Disagree,5,5,4.Neither Agree nor Disagree,"C. I want to be completely emotionally intimate with others, but I often find that others are reluctant to get as close as i would like. I am uncomfortable being without close relationships, but I sometimes worry that others don't value me as much as i value them.",4. Neutral/Mixed,6,7. Agree Strongly,1. Disagree Strongly,Yes,7.78,75.356,1355.427,2,,,,,,,,,,,,,,,,,,,,,,,,,,,,"The Hangover,No Strings Attached,Maleficent,The Dark Knight,Horrible Bosses,            Up           ,The Conjuring,The Lord of the Rings ,Insidious,Toy Story",5,6,6,4,4,6,5,2,71,Somewhat Disagree,Somewhat Agree,Agree,Agree,Neither Agree nor Disagree,Somewhat Agree,Agree,Somewhat Disagree,Neither Agree nor Disagree,Neither Agree nor Disagree,,100,Human,1995,Male,astronomer,I have read this debriefing form and I AGREE to allow the use of my data for research purposes.,,0,1,close
2/21/17 13:02,2/21/17 13:14,IP Address,128.32.229.81,18,719,FALSE,2/21/17 17:15,R_3RdSYLK7nGdRKqv,,,,,,,,anonymous,26614169,ylavysh@berkeley.edu,I AGREE TO PARTICIPATE and CONSENT Minah Jung to use the data for her research. ,,2,5,4.Neither Agree nor Disagree,5,5,6,7. Strongly Agree,2,6,3,"D. I am comfortable without close emotional relationships. It is very important to me to feel independent and self-sufficient, and I prefer not to depend on others or have others depend on me.",4. Neutral/Mixed,4. Neutral/Mixed,4. Neutral/Mixed,4. Neutral/Mixed,,,,,,,,,,,,,,,,,,,,,,,,,,,,,,,,,,,,,,,,,,,,,,,,,,,,,,,,,,,,,0,0,close
2/21/17 13:02,2/21/17 13:15,IP Address,128.32.229.26,18,806,FALSE,2/21/17 17:15,R_3D2CYWMhSefbIQr,,,,,,,,anonymous,24307863,dmalaeb@berkeley.edu,,I AGREE TO PARTICIPATE and CONSENT Minah Jung to use the data for her research. ,6,5,7. Strongly Agree,4.Neither Agree nor Disagree,6,3,5,2,5,4.Neither Agree nor Disagree,A. It is easy for me to become emotionally close to others. I am comfortable depending on them and having them depend on me. I don't worry about being alone of having others not accept me.,6,4. Neutral/Mixed,5,4. Neutral/Mixed,,,,,,,,,,,,,,,,,,,,,,,,,,,,,,,,,,,,,,,,,,,,,,,,,,,,,,,,,,,,,0,1,close
2/21/17 14:34,2/21/17 14:35,IP Address,128.32.229.26,4,61,FALSE,2/21/17 18:35,R_1PaXq8oi3njo7UK,,,,,,,,anonymous,24261444,nicolasmin@berkeley.edu,,,,,,,,,,,,,,,,,,,,,,,,,,,,,,,,,,,,,,,,,,,,,,,,,,,,,,,,,,,,,,,,,,,,,,,,,,,,,,0,1,close
2/23/17 9:55,2/23/17 10:58,IP Address,128.32.229.26,100,3792,TRUE,2/23/17 10:58,R_1rwZXLmGfOgMcnm,199,,,,,37.86680603,-122.2536011,anonymous,24578620,gdli1238321@berkeley.edu,I AGREE TO PARTICIPATE and CONSENT Minah Jung to use the data for her research. ,,5,3,6,4.Neither Agree nor Disagree,5,4.Neither Agree nor Disagree,6,5,5,4.Neither Agree nor Disagree,A. It is easy for me to become emotionally close to others. I am comfortable depending on them and having them depend on me. I don't worry about being alone of having others not accept me.,5,2,4. Neutral/Mixed,3,Yes,15.952,2609.837,2613.835,15,,,,,,,,,,,,,,,,,,,,,,,,,,,,"The Hangover,Inception,Fight Club,Goodwill Hunting,Spirited Away,Silver Linings Playbook,Wall-E,The Dark Knight,Anchorman,            Up           ",Four,4,5,2,4,5,4,3,50,Somewhat Agree,Disagree,Agree,Somewhat Disagree,Somewhat Agree,Neither Agree nor Disagree,Agree,Somewhat Disagree,Somewhat Agree,Somewhat Agree,-25,,Artificial Intelligence,1995,Male,astronomer ,,I have read this debriefing form and I AGREE to allow the use of my data for research purposes.,0,0,close
2/23/17 14:34,2/23/17 15:04,IP Address,128.32.229.17,100,1806,TRUE,2/23/17 15:04,R_O1AAVsx7J8j0wRb,201,,,,,37.86680603,-122.2536011,anonymous,25601195,jadethuynguyen@gmail.com,I AGREE TO PARTICIPATE and CONSENT Minah Jung to use the data for her research. ,,5,6,5,3,5,2,3,4.Neither Agree nor Disagree,3,5,"D. I am comfortable without close emotional relationships. It is very important to me to feel independent and self-sufficient, and I prefer not to depend on others or have others depend on me.",6,2,1. Disagree Strongly,5,Yes,1.569,1102.546,1114.095,13,,,,,,,,,,,,,,,,,,,,,,,,,,,,"Pineapple express,Inception,Fight Club,Boyhood,The Interstellar,Silver Linings Playbook,            Up           ,Her,Supersize Me,The Notebook",2,3,3,1. Not close at all,2,4,2,2,34,Somewhat Disagree,Somewhat Disagree,Somewhat Agree,Somewhat Disagree,Agree,Somewhat Disagree,Somewhat Disagree,Neither Agree nor Disagree,Somewhat Agree,Somewhat Disagree,56,,Human,1996,Female,Astronomer,,I have read this debriefing form and I AGREE to allow the use of my data for research purposes.,0,0,close
2/23/17 14:34,2/23/17 15:07,IP Address,128.32.229.4,100,2022,TRUE,2/23/17 15:07,R_2uJO6WYJRnX9O9C,200,,,,,37.86680603,-122.2536011,anonymous,24631150,zhangrowena@berkeley.edu,I AGREE TO PARTICIPATE and CONSENT Minah Jung to use the data for her research. ,,4.Neither Agree nor Disagree,5,7. Strongly Agree,6,1. Strongly Disagree,5,4.Neither Agree nor Disagree,1. Strongly Disagree,2,6,"C. I want to be completely emotionally intimate with others, but I often find that others are reluctant to get as close as i would like. I am uncomfortable being without close relationships, but I sometimes worry that others don't value me as much as i value them.",5,5,6,2,Yes,11.058,328.788,1325.338,3,,,,,,,,,,,,,,,,,,,,,,,,,,,,"The Grand Budapest Hotel,No Strings Attached,The Hunger Games,Wall-E,Horrible Bosses,            Up           ,Titanic,Knocked Up,Supersize Me,Bridesmaids",3,2,3,1. Not close at all,1. Not close at al,2,2,2,30,Agree,Disagree,Neither Agree nor Disagree,Disagree,Somewhat Agree,Somewhat Disagree,Somewhat Agree,Disagree,Neither Agree nor Disagree,Somewhat Disagree,,-10,Artificial Intelligence,1994,Female,astronomer,,I have read this debriefing form and I AGREE to allow the use of my data for research purposes.,0,0,close
2/27/17 10:05,2/27/17 10:57,IP Address,128.32.229.17,100,3116,TRUE,2/27/17 10:57,R_D7hR0kiIbeMmIOR,202,,,,,37.86680603,-122.2536011,anonymous,25370588,s.thakker@berkeley.edu,I AGREE TO PARTICIPATE and CONSENT Minah Jung to use the data for her research. ,,6,3,3,6,6,2,7. Strongly Agree,4.Neither Agree nor Disagree,2,1. Strongly Disagree,"B. I am uncomfortable getting close to others. I want emotionally close relationships, but I find it difficult to trust others completely, or to depend on them. I worry that I will be hurt if I allow myself to become too close to others.",3,5,2,1. Disagree Strongly,Yes,8.745,26.433,2400.733,2,,,,,,,,,,,,,,,,,,,,,,,,,,,,"No Strings Attached,The Fault in Our Stars,The Hunger Games,Horrible Bosses,            Up           ,A Walk to Remember,Titanic,Knocked Up,The Notebook,Bridesmaids",6,6,6,5,4,6,6,5,75,Agree,Neither Agree nor Disagree,Somewhat Agree,Agree,Agree,Disagree,Strongly Agree,Somewhat Disagree,Somewhat Disagree,Somewhat Disagree,,-100,Human,1995,Female,astronomer,,I have read this debriefing form and I AGREE to allow the use of my data for research purposes.,0,0,close
2/27/17 10:58,2/27/17 11:39,IP Address,128.32.229.9,100,2457,TRUE,2/27/17 11:39,R_DOdS6WeluQliv6x,203,,,,,37.86680603,-122.2536011,anonymous,24403815,lilmzbang@berkeley.edu,,I AGREE TO PARTICIPATE and CONSENT Minah Jung to use the data for her research. ,4.Neither Agree nor Disagree,5,4.Neither Agree nor Disagree,5,5,5,6,3,3,5,A. It is easy for me to become emotionally close to others. I am comfortable depending on them and having them depend on me. I don't worry about being alone of having others not accept me.,5,4. Neutral/Mixed,4. Neutral/Mixed,5,Yes,8.079,1576.415,1578.798,3,,,,,,,,,,,,,,,,,,,,,,,,,,,,"Pulp Fiction,Taken,Spirited Away,Maleficent,Shrek,Wall-E,            Up           ,Monsters Inc.,Her,The Notebook",2,2,4,1. Not close at all,2,3,2,4,41,Disagree,Neither Agree nor Disagree,Somewhat Agree,Neither Agree nor Disagree,Somewhat Agree,Somewhat Agree,Somewhat Disagree,Neither Agree nor Disagree,Somewhat Agree,Somewhat Agree,,-39,Human,1995,Female,Student,I have read this debriefing form and I AGREE to allow the use of my data for research purposes.,,0,1,close
2/27/17 11:05,2/27/17 11:10,IP Address,128.32.229.26,18,263,FALSE,2/27/17 15:10,R_21hduD4G9AMnpjR,,,,,,,,anonymous,25736446,siruvanti@berkeley.edu,I AGREE TO PARTICIPATE and CONSENT Minah Jung to use the data for her research. ,,7. Strongly Agree,5,6,6,4.Neither Agree nor Disagree,3,6,5,4.Neither Agree nor Disagree,1. Strongly Disagree,"C. I want to be completely emotionally intimate with others, but I often find that others are reluctant to get as close as i would like. I am uncomfortable being without close relationships, but I sometimes worry that others don't value me as much as i value them.",4. Neutral/Mixed,4. Neutral/Mixed,6,4. Neutral/Mixed,,,,,,,,,,,,,,,,,,,,,,,,,,,,,,,,,,,,,,,,,,,,,,,,,,,,,,,,,,,,,0,0,close
2/27/17 15:37,2/27/17 15:59,IP Address,128.32.229.4,100,1262,TRUE,2/27/17 15:59,R_2DP8ZPFGiM9Ntsb,205,,,,,37.86680603,-122.2536011,anonymous,24373484,alex.ho@berkeley.edu,,I AGREE TO PARTICIPATE and CONSENT Minah Jung to use the data for her research. ,5,3,7. Strongly Agree,1. Strongly Disagree,7. Strongly Agree,5,3,2,6,5,"D. I am comfortable without close emotional relationships. It is very important to me to feel independent and self-sufficient, and I prefer not to depend on others or have others depend on me.",5,3,3,6,Yes,5.917,678.57,708.177,12,,,,,,,,,,,,,,,,,,,,,,,,,,,,"The Hangover,Fight Club,Spirited Away,Shrek,Wall-E,            Up           ,The Lord of the Rings ,Toy Story,Monsters Inc.,Inside Job",5,2,3,2,1. Not close at al,4,3,3,50,Somewhat Agree,Disagree,Somewhat Agree,Strongly Disagree,Somewhat Disagree,Somewhat Disagree,Disagree,Strongly Disagree,Agree,Strongly Agree,,70,Artificial Intelligence,1995,Male,astronomer,I have read this debriefing form and I AGREE to allow the use of my data for research purposes.,,0,1,close
2/27/17 15:38,2/27/17 16:20,IP Address,128.32.229.86,100,2521,TRUE,2/27/17 16:20,R_sXNYl3pApp5u2Z3,206,,,,,37.86680603,-122.2536011,anonymous,25744063,hyeonji@berkeley.edu,,I AGREE TO PARTICIPATE and CONSENT Minah Jung to use the data for her research. ,5,5,7. Strongly Agree,4.Neither Agree nor Disagree,6,2,4.Neither Agree nor Disagree,2,4.Neither Agree nor Disagree,4.Neither Agree nor Disagree,"D. I am comfortable without close emotional relationships. It is very important to me to feel independent and self-sufficient, and I prefer not to depend on others or have others depend on me.",5,3,1. Disagree Strongly,6,Yes,20.142,32.254,1873.066,2,,,,,,,,,,,,,,,,,,,,,,,,,,,,"Taken,Inception,Spirited Away,Shrek,Wall-E,The Dark Knight,            Up           ,Titanic,Monsters Inc.,An Inconvenient Truth",2,4,5,1. Not close at all,3,5,5,4,71,Somewhat Agree,Somewhat Agree,Somewhat Agree,Disagree,Agree,Disagree,Agree,Disagree,Somewhat Agree,Somewhat Disagree,,-35,Human,1995,Female,',I have read this debriefing form and I AGREE to allow the use of my data for research purposes.,,0,1,close
2/28/17 13:01,2/28/17 13:43,IP Address,128.32.229.17,100,2475,TRUE,2/28/17 13:43,R_1kZEZjpNcC8VR53,207,,,,,37.86680603,-122.2536011,anonymous,25733933,jhariharan@berkeley.edu,,I AGREE TO PARTICIPATE and CONSENT Minah Jung to use the data for her research. ,7. Strongly Agree,5,5,3,6,3,6,3,5,2,"C. I want to be completely emotionally intimate with others, but I often find that others are reluctant to get as close as i would like. I am uncomfortable being without close relationships, but I sometimes worry that others don't value me as much as i value them.",5,3,5,5,Yes,4.141,335.622,1944.816,3,,,,,,,,,,,,,,,,,,,,,,,,,,,,"The Grand Budapest Hotel,No Strings Attached,Fight Club,Goodwill Hunting,Silver Linings Playbook,Shrek,Eternal Sunshine of the Spotless Mind,The Silence of the Lambs,The Lord of the Rings ,Bridesmaids",3,6,6,5,7. Very close,7. Enjoyed very much,7.  Very much,5,60,Agree,Disagree,Agree,Somewhat Disagree,Neither Agree nor Disagree,Somewhat Disagree,Agree,Somewhat Disagree,Somewhat Agree,Somewhat Agree,,-70,Human,1996,Female,Astronomer,I have read this debriefing form and I AGREE to allow the use of my data for research purposes.,,0,1,close
2/28/17 14:34,2/28/17 15:04,IP Address,128.32.229.26,100,1797,TRUE,2/28/17 15:04,R_Wva2tTS8KDhyM3T,208,,,,,37.86680603,-122.2536011,anonymous,25302623,mrewell@berkeley.edu,I AGREE TO PARTICIPATE and CONSENT Minah Jung to use the data for her research. ,,6,6,6,3,6,3,6,2,6,2,A. It is easy for me to become emotionally close to others. I am comfortable depending on them and having them depend on me. I don't worry about being alone of having others not accept me.,6,3,3,1. Disagree Strongly,Yes,8.953,1351.257,1352.993,17,,,,,,,,,,,,,,,,,,,,,,,,,,,,"Taken,Inception,Fight Club,The Interstellar,The Dark Knight,            Up           ,The Godfather,The Conjuring,The Lord of the Rings ,Inside Job",3,2,3,3,2,2,2,3,50,Somewhat Agree,Neither Agree nor Disagree,Neither Agree nor Disagree,Neither Agree nor Disagree,Neither Agree nor Disagree,Neither Agree nor Disagree,Agree,Neither Agree nor Disagree,Agree,Somewhat Agree,-80,,Artificial Intelligence,1994,Male,Student.,,I have read this debriefing form and I AGREE to allow the use of my data for research purposes.,0,0,close
3/6/17 11:19,3/6/17 11:59,IP Address,128.32.229.4,100,2363,TRUE,3/6/17 11:59,R_3hAbeLMKebItr6o,211,,,,,37.86680603,-122.2536011,anonymous,25132288,jimmytrinh96@berkeley.edu,,I AGREE TO PARTICIPATE and CONSENT Minah Jung to use the data for her research. ,6,3,5,5,7. Strongly Agree,2,7. Strongly Agree,3,6,2,"D. I am comfortable without close emotional relationships. It is very important to me to feel independent and self-sufficient, and I prefer not to depend on others or have others depend on me.",5,4. Neutral/Mixed,3,7. Agree Strongly,Yes,6.726,143.102,1799.646,11,,,,,,,,,,,,,,,,,,,,,,,,,,,,"Boyhood,Shrek,Wall-E,Horrible Bosses,The Conjuring,The Lord of the Rings ,Insidious,Monsters Inc.,The Notebook,An Inconvenient Truth",3,5,5,6,5,5,6,1. Not at all knowledgeable,80,Neither Agree nor Disagree,Neither Agree nor Disagree,Agree,Neither Agree nor Disagree,Neither Agree nor Disagree,Neither Agree nor Disagree,Strongly Agree,Neither Agree nor Disagree,Somewhat Agree,Somewhat Agree,,100,Human,1996,Male,astronomer,I have read this debriefing form and I AGREE to allow the use of my data for research purposes.,,0,1,close
3/6/17 15:10,3/6/17 16:19,IP Address,128.32.229.26,100,4101,TRUE,3/6/17 16:19,R_3GxZOiqOAlKJhpF,212,,,,,37.86680603,-122.2536011,anonymous,3032265237,raoshun@berkeley.edu,,I AGREE TO PARTICIPATE and CONSENT Minah Jung to use the data for her research. ,2,3,6,2,6,7. Strongly Agree,3,4.Neither Agree nor Disagree,6,5,"D. I am comfortable without close emotional relationships. It is very important to me to feel independent and self-sufficient, and I prefer not to depend on others or have others depend on me.",1. Disagree Strongly,5,3,7. Agree Strongly,Yes,4.862,16.236,1627.183,2,,,,,,,,,,,,,,,,,,,,,,,,,,,,"Pulp Fiction,Inception,Fight Club,Goodwill Hunting,The Dark Knight,The Silence of the Lambs,The Godfather,Star Trek: Into Darkness,The Lord of the Rings ,The Science of Sex Appeal",4,4,6,3,4,6,6,3,65,Agree,Somewhat Agree,Somewhat Agree,Neither Agree nor Disagree,Agree,Neither Agree nor Disagree,Strongly Agree,Neither Agree nor Disagree,Neither Agree nor Disagree,Neither Agree nor Disagree,,-100,Human,1995,Male,astronomer,I have read this debriefing form and I AGREE to allow the use of my data for research purposes.,,0,1,close
3/8/17 10:07,3/8/17 10:32,IP Address,128.32.229.26,100,1537,TRUE,3/8/17 10:32,R_1EZr3Ru4ALu941k,213,,,,,37.86680603,-122.2536011,anonymous,25231347,rirwin@berkeley.edu,,I AGREE TO PARTICIPATE and CONSENT Minah Jung to use the data for her research. ,6,3,6,3,6,1. Strongly Disagree,2,2,5,4.Neither Agree nor Disagree,"D. I am comfortable without close emotional relationships. It is very important to me to feel independent and self-sufficient, and I prefer not to depend on others or have others depend on me.",4. Neutral/Mixed,2,1. Disagree Strongly,6,Yes,6.074,60.738,1067.65,5,,,,,,,,,,,,,,,,,,,,,,,,,,,,"Pulp Fiction,Pineapple express,The Hangover,Taken,No Strings Attached,Fight Club,Goodwill Hunting,Anchorman,The Godfather,Inside Job",three,2,3,2,3,3,3,2,20,Somewhat Disagree,Somewhat Agree,Somewhat Disagree,Disagree,Disagree,Strongly Agree,Somewhat Disagree,Somewhat Disagree,Neither Agree nor Disagree,Agree,,-42,Human,1995,Male,astronomer,I have read this debriefing form and I AGREE to allow the use of my data for research purposes.,,0,1,close
3/14/17 10:46,3/14/17 11:29,IP Address,128.32.229.26,100,2605,TRUE,3/14/17 11:29,R_2OOzFnJUcMzHvCC,214,,,,,37.86680603,-122.2536011,anonymous,25827440,angelaescobedo@berkeley.edu,,I AGREE TO PARTICIPATE and CONSENT Minah Jung to use the data for her research. ,7. Strongly Agree,3,3,4.Neither Agree nor Disagree,6,1. Strongly Disagree,5,5,3,5,"C. I want to be completely emotionally intimate with others, but I often find that others are reluctant to get as close as i would like. I am uncomfortable being without close relationships, but I sometimes worry that others don't value me as much as i value them.",5,1. Disagree Strongly,7. Agree Strongly,2,Yes,6.567,46.551,1036.096,2,,,,,,,,,,,,,,,,,,,,,,,,,,,,"The Hangover,Taken,The Hunger Games,Shrek,A Walk to Remember,The Godfather,The Conjuring,Toy Story,Monsters Inc.,Bridesmaids",3,6,7. Very much,6,6,7. Enjoyed very much,7.  Very much,7. Very knowledgeable,62,Strongly Agree,Disagree,Somewhat Agree,Disagree,Strongly Agree,Disagree,Agree,Disagree,Somewhat Agree,Disagree,,-100,Human,1996,Female,astronomer,I have read this debriefing form and I AGREE to allow the use of my data for research purposes.,,0,1,close
3/14/17 14:31,3/14/17 14:54,IP Address,128.32.229.26,100,1396,TRUE,3/14/17 14:54,R_Q5pbPZgJXkGKWyZ,221,,,,,37.86680603,-122.2536011,anonymous,24332008,chilan@berkeley.edu,I AGREE TO PARTICIPATE and CONSENT Minah Jung to use the data for her research. ,,6,5,6,5,6,4.Neither Agree nor Disagree,6,4.Neither Agree nor Disagree,4.Neither Agree nor Disagree,2,A. It is easy for me to become emotionally close to others. I am comfortable depending on them and having them depend on me. I don't worry about being alone of having others not accept me.,7. Agree Strongly,5,3,6,Yes,5.298,82.993,819.474,4,,,,,,,,,,,,,,,,,,,,,,,,,,,,"No Strings Attached,Inception,Boyhood,Silver Linings Playbook,Wall-E,            Up           ,A Walk to Remember,Titanic,How to Train Your Dragon,The Notebook",7,2,1. Not at all,1. Not close at all,1. Not close at al,1. Not at all,1. Not at all,1. Not at all knowledgeable,40,Disagree,Somewhat Agree,Agree,Somewhat Agree,Agree,Agree,Disagree,Neither Agree nor Disagree,Neither Agree nor Disagree,Neither Agree nor Disagree,100,,Human,1995,Female,astronomer,,I have read this debriefing form and I AGREE to allow the use of my data for research purposes.,0,0,close
3/14/17 10:46,3/14/17 15:07,IP Address,128.32.229.17,100,15657,TRUE,3/14/17 15:07,R_12Aa5hsRIIkuAzi,222,,,,,37.86680603,-122.2536011,anonymous,24182367,murran@berkeley.edu,I AGREE TO PARTICIPATE and CONSENT Minah Jung to use the data for her research. ,,4.Neither Agree nor Disagree,2,6,2,6,5,5,2,7. Strongly Agree,5,"D. I am comfortable without close emotional relationships. It is very important to me to feel independent and self-sufficient, and I prefer not to depend on others or have others depend on me.",4. Neutral/Mixed,4. Neutral/Mixed,2,5,Yes,26.831,1294.822,1395.463,5,,,,,,,,,,,,,,,,,,,,,,,,,,,,"Pulp Fiction,The Hangover,Taken,Goodwill Hunting,The Princess Bridge,The Dark Knight,Anchorman,The Lord of the Rings ,Inside Job,March of the Penguins",2,2,1. Not at all,1. Not close at all,1. Not close at al,1. Not at all,1. Not at all,1. Not at all knowledgeable,25,Neither Agree nor Disagree,Disagree,Disagree,Disagree,Disagree,Neither Agree nor Disagree,Neither Agree nor Disagree,Neither Agree nor Disagree,Neither Agree nor Disagree,Somewhat Agree,,85,Artificial Intelligence,1994,Male,astronomer,,I have read this debriefing form and I AGREE to allow the use of my data for research purposes.,0,0,close
3/14/17 13:09,3/14/17 13:23,IP Address,128.32.229.9,18,854,FALSE,3/14/17 17:23,R_1IG9f6XC6MmCGxT,,,,,,,,anonymous,3032387801,sfakhimi@berkeley.edu,I AGREE TO PARTICIPATE and CONSENT Minah Jung to use the data for her research. ,,4.Neither Agree nor Disagree,4.Neither Agree nor Disagree,4.Neither Agree nor Disagree,4.Neither Agree nor Disagree,4.Neither Agree nor Disagree,4.Neither Agree nor Disagree,4.Neither Agree nor Disagree,4.Neither Agree nor Disagree,4.Neither Agree nor Disagree,4.Neither Agree nor Disagree,"B. I am uncomfortable getting close to others. I want emotionally close relationships, but I find it difficult to trust others completely, or to depend on them. I worry that I will be hurt if I allow myself to become too close to others.",4. Neutral/Mixed,4. Neutral/Mixed,4. Neutral/Mixed,4. Neutral/Mixed,,,,,,,,,,,,,,,,,,,,,,,,,,,,,,,,,,,,,,,,,,,,,,,,,,,,,,,,,,,,,0,0,close
3/14/17 13:09,3/14/17 13:24,IP Address,128.32.229.28,18,891,FALSE,3/14/17 17:24,R_2AFO1sohLhEHCtH,,,,,,,,anonymous,25281199,kennethz@berkeley.edu,I AGREE TO PARTICIPATE and CONSENT Minah Jung to use the data for her research. ,,6,2,6,3,6,5,6,3,2,1. Strongly Disagree,A. It is easy for me to become emotionally close to others. I am comfortable depending on them and having them depend on me. I don't worry about being alone of having others not accept me.,7. Agree Strongly,1. Disagree Strongly,4. Neutral/Mixed,5,,,,,,,,,,,,,,,,,,,,,,,,,,,,,,,,,,,,,,,,,,,,,,,,,,,,,,,,,,,,,0,0,close
3/20/17 10:27,3/20/17 12:57,IP Address,128.32.229.4,100,8981,TRUE,3/20/17 12:57,R_sMwA1QtnuQx7wPv,223,,,,,37.86680603,-122.2536011,anonymous,25788167,solomon.kamara@berkeley.edu,,I AGREE TO PARTICIPATE and CONSENT Minah Jung to use the data for her research. ,2,3,2,6,1. Strongly Disagree,6,2,3,3,6,A. It is easy for me to become emotionally close to others. I am comfortable depending on them and having them depend on me. I don't worry about being alone of having others not accept me.,2,5,7. Agree Strongly,5,Yes,6.703,58.439,2020.207,3,,,,,,,,,,,,,,,,,,,,,,,,,,,,"Inception,Maleficent,The Fault in Our Stars,The Interstellar,Shrek,The Dark Knight,            Up           ,Star Trek: Into Darkness,The Lord of the Rings ,How to Train Your Dragon",7,6,7. Very much,4,5,6,4,5,65,Agree,Somewhat Disagree,Strongly Agree,Somewhat Disagree,Somewhat Agree,Somewhat Disagree,Agree,Somewhat Disagree,Neither Agree nor Disagree,Neither Agree nor Disagree,100,,Human,1996,Male,Astronomer,I have read this debriefing form and I AGREE to allow the use of my data for research purposes.,,0,1,close
3/22/17 8:57,3/22/17 9:29,IP Address,128.32.229.17,100,1934,TRUE,3/22/17 9:29,R_AEuiNG1t60pktVv,224,,,,,37.86680603,-122.2536011,anonymous,24603933,cshugarman@berkeley.edu,I AGREE TO PARTICIPATE and CONSENT Minah Jung to use the data for her research. ,,5,3,7. Strongly Agree,2,6,3,6,5,7. Strongly Agree,3,A. It is easy for me to become emotionally close to others. I am comfortable depending on them and having them depend on me. I don't worry about being alone of having others not accept me.,6,2,5,5,Yes,44.49,1176.178,1204.729,22,,,,,,,,,,,,,,,,,,,,,,,,,,,,"Pineapple express,The Hangover,Inception,Boyhood,Shrek,The Princess Bridge,Horrible Bosses,Anchorman,Monsters Inc.,Supersize Me",3,4,5,2,2,4,3,3,25,Neither Agree nor Disagree,Somewhat Agree,Agree,Somewhat Disagree,Somewhat Disagree,Somewhat Agree,Agree,Disagree,Strongly Agree,Somewhat Agree,,-30,Human,1994,Male,astronomer,,I have read this debriefing form and I AGREE to allow the use of my data for research purposes.,0,0,close
3/22/17 10:04,3/22/17 10:39,IP Address,128.32.229.17,100,2088,TRUE,3/22/17 10:39,R_3lsilMPbNilGoY4,225,,,,,37.86680603,-122.2536011,anonymous,25799693,alexvu.huy@berkeley.edu,I AGREE TO PARTICIPATE and CONSENT Minah Jung to use the data for her research. ,,6,4.Neither Agree nor Disagree,6,1. Strongly Disagree,5,3,3,4.Neither Agree nor Disagree,7. Strongly Agree,5,"D. I am comfortable without close emotional relationships. It is very important to me to feel independent and self-sufficient, and I prefer not to depend on others or have others depend on me.",5,2,2,6,Yes,3.616,1629.429,1683.423,52,,,,,,,,,,,,,,,,,,,,,,,,,,,,"Inception,Goodwill Hunting,Spirited Away,Boyhood,The Interstellar,Wall-E,            Up           ,The Godfather,Toy Story,Monsters Inc.",5,5,5,3,3,3,3,3,51,Somewhat Agree,Strongly Disagree,Agree,Strongly Disagree,Strongly Agree,Strongly Disagree,Strongly Agree,Somewhat Disagree,Agree,Agree,,-58,Human,1996,Male,astronomer,,I have read this debriefing form and I AGREE to allow the use of my data for research purposes.,0,0,close
4/7/17 10:10,4/7/17 10:48,IP Address,128.32.229.26,100,2284,TRUE,4/7/17 10:48,R_1k1AVa3f2vd7eBL,226,,,,,37.86680603,-122.2536011,anonymous,25079925,aum.borja05@berkeley.edu,,I AGREE TO PARTICIPATE and CONSENT Minah Jung to use the data for her research. ,5,4.Neither Agree nor Disagree,7. Strongly Agree,5,6,3,7. Strongly Agree,1. Strongly Disagree,4.Neither Agree nor Disagree,4.Neither Agree nor Disagree,"B. I am uncomfortable getting close to others. I want emotionally close relationships, but I find it difficult to trust others completely, or to depend on them. I worry that I will be hurt if I allow myself to become too close to others.",4. Neutral/Mixed,6,1. Disagree Strongly,7. Agree Strongly,Yes,4.36,1023.824,1785.033,3,,,,,,,,,,,,,,,,,,,,,,,,,,,,"The Hangover,Taken,Fight Club,The Hunger Games,Shrek,            Up           ,Toy Story,Supersize Me,The Notebook,Bridesmaids",3,2,6,1. Not close at all,2,7. Enjoyed very much,6,4,60,Somewhat Agree,Disagree,Agree,Neither Agree nor Disagree,Agree,Neither Agree nor Disagree,Agree,Disagree,Agree,Somewhat Disagree,,-20,Human,1996,Female,Sales,I have read this debriefing form and I AGREE to allow the use of my data for research purposes.,,0,1,close
4/7/17 11:04,4/7/17 11:50,IP Address,128.32.229.95,100,2736,TRUE,4/7/17 11:50,R_1hzNC177HrFsY1K,227,,,,,37.86680603,-122.2536011,anonymous,24363450,jerrywu@berkeley.edu,I AGREE TO PARTICIPATE and CONSENT Minah Jung to use the data for her research. ,,3,5,5,4.Neither Agree nor Disagree,6,3,6,4.Neither Agree nor Disagree,5,3,A. It is easy for me to become emotionally close to others. I am comfortable depending on them and having them depend on me. I don't worry about being alone of having others not accept me.,6,4. Neutral/Mixed,3,5,Yes,2.981,536.717,2311.819,6,,,,,,,,,,,,,,,,,,,,,,,,,,,,"Inception,Fight Club,Goodwill Hunting,Spirited Away,The Interstellar,Wall-E,The Dark Knight,Anchorman,            Up           ,The Notebook",Two,2,4,2,2,4,4,5,50,Disagree,Disagree,Disagree,Disagree,Somewhat Agree,Agree,Neither Agree nor Disagree,Neither Agree nor Disagree,Somewhat Agree,Somewhat Agree,,-99,Artificial Intelligence,1995,Male,astronomer,,I have read this debriefing form and I AGREE to allow the use of my data for research purposes.,0,0,close
4/7/17 12:10,4/7/17 12:52,IP Address,128.32.229.26,100,2484,TRUE,4/7/17 12:52,R_117MQYyR1skFJyv,232,,,,,37.86680603,-122.2536011,anonymous,26086459,tsummerfield@berkeley.edu,,I AGREE TO PARTICIPATE and CONSENT Minah Jung to use the data for her research. ,6,5,5,5,6,4.Neither Agree nor Disagree,5,2,4.Neither Agree nor Disagree,1. Strongly Disagree,"C. I want to be completely emotionally intimate with others, but I often find that others are reluctant to get as close as i would like. I am uncomfortable being without close relationships, but I sometimes worry that others don't value me as much as i value them.",4. Neutral/Mixed,3,5,5,Yes,4.258,15.026,1817.291,3,,,,,,,,,,,,,,,,,,,,,,,,,,,,"Maleficent,Silver Linings Playbook,The Hunger Games,Shrek,Wall-E,The Dark Knight,Horrible Bosses,            Up           ,Monsters Inc.,Bridesmaids",2,2,4,4,4,4,3,4,25,Disagree,Somewhat Disagree,Neither Agree nor Disagree,Somewhat Agree,Neither Agree nor Disagree,Somewhat Agree,Somewhat Agree,Neither Agree nor Disagree,Neither Agree nor Disagree,Somewhat Disagree,35,,Human,1997,Female,astronomer,I have read this debriefing form and I AGREE to allow the use of my data for research purposes.,,0,1,close
4/7/17 11:02,4/7/17 11:16,IP Address,128.32.229.26,18,802,FALSE,4/7/17 15:16,R_Qomo5TqUdPT8EaR,,,,,,,,anonymous,25435463,arietdyk@berkeley.edu,,I AGREE TO PARTICIPATE and CONSENT Minah Jung to use the data for her research. ,5,5,7. Strongly Agree,3,5,5,7. Strongly Agree,1. Strongly Disagree,6,5,A. It is easy for me to become emotionally close to others. I am comfortable depending on them and having them depend on me. I don't worry about being alone of having others not accept me.,6,5,2,4. Neutral/Mixed,,,,,,,,,,,,,,,,,,,,,,,,,,,,,,,,,,,,,,,,,,,,,,,,,,,,,,,,,,,,,0,1,close
4/7/17 11:04,4/7/17 11:18,IP Address,128.32.229.17,18,833,FALSE,4/7/17 15:18,R_ZCBTEuCQ0zwGhUJ,,,,,,,,anonymous,25825557,blake.lafayette@berkeley.edu,I AGREE TO PARTICIPATE and CONSENT Minah Jung to use the data for her research. ,,5,2,7. Strongly Agree,2,4.Neither Agree nor Disagree,5,5,1. Strongly Disagree,6,2,"D. I am comfortable without close emotional relationships. It is very important to me to feel independent and self-sufficient, and I prefer not to depend on others or have others depend on me.",4. Neutral/Mixed,1. Disagree Strongly,1. Disagree Strongly,6,,,,,,,,,,,,,,,,,,,,,,,,,,,,,,,,,,,,,,,,,,,,,,,,,,,,,,,,,,,,,0,0,close
4/7/17 11:02,4/7/17 11:18,IP Address,128.32.229.9,18,962,FALSE,4/7/17 15:18,R_1Qym5eiUjgfkGFS,,,,,,,,anonymous,26484233,Farshidorak@berkeley.edu,I AGREE TO PARTICIPATE and CONSENT Minah Jung to use the data for her research. ,,5,6,7. Strongly Agree,2,3,5,3,3,6,2,"D. I am comfortable without close emotional relationships. It is very important to me to feel independent and self-sufficient, and I prefer not to depend on others or have others depend on me.",4. Neutral/Mixed,3,2,6,,,,,,,,,,,,,,,,,,,,,,,,,,,,,,,,,,,,,,,,,,,,,,,,,,,,,,,,,,,,,0,0,close
4/7/17 11:16,4/7/17 11:19,IP Address,128.32.229.4,18,167,FALSE,4/7/17 15:19,R_DdXLrBcQiZkNfHj,,,,,,,,anonymous,25435463,arietdyk@berkeley.edu,,I AGREE TO PARTICIPATE and CONSENT Minah Jung to use the data for her research. ,6,5,7. Strongly Agree,3,4.Neither Agree nor Disagree,5,7. Strongly Agree,1. Strongly Disagree,5,5,A. It is easy for me to become emotionally close to others. I am comfortable depending on them and having them depend on me. I don't worry about being alone of having others not accept me.,6,5,3,5,,,,,,,,,,,,,,,,,,,,,,,,,,,,,,,,,,,,,,,,,,,,,,,,,,,,,,,,,,,,,0,1,close
4/7/17 12:09,4/7/17 12:09,IP Address,128.32.229.17,4,16,FALSE,4/7/17 16:10,R_2dKe6VZIZLdl0rs,,,,,,,,anonymous,26086459,tsummerfield@berkeley.edu,,,,,,,,,,,,,,,,,,,,,,,,,,,,,,,,,,,,,,,,,,,,,,,,,,,,,,,,,,,,,,,,,,,,,,,,,,,,,,0,1,close